PRAGMA foreign_keys=OFF;
BEGIN TRANSACTION;
CREATE TABLE users(
    username TEXT NOT NULL PRIMARY KEY,
    name TEXT NOT NULL,
    surname TEXT NOT NULL,
    email TEXT NOT NULL    
, phone_number TEXT NOT NULL DEFAULT 'no data');
INSERT INTO users VALUES('giacomo_gugu','Giacomo','Ponzuoli','ponzuoligiacomo@studenti.polito.it','+39 3665293460');
INSERT INTO users VALUES('alice_gugu','Alice','Santoro','santoroalice@studenti.polito.it','+39 3456784927');
INSERT INTO users VALUES('lorenzo_gugu','Lorenzo','Ricci','riccilorenzo@studenti.polito.it','+44 4585969696');
INSERT INTO users VALUES('francesca_gugu','Francesca','Villanova','villanovafrancesca@studenti.polito.it','+48 5995948484');
CREATE TABLE type_deals(
    id INTEGER NOT NULL PRIMARY KEY AUTOINCREMENT,
    name TEXT NOT NULL
);
INSERT INTO type_deals VALUES(1,'Breakfast');
INSERT INTO type_deals VALUES(2,'Brunch');
INSERT INTO type_deals VALUES(3,'Lunch');
INSERT INTO type_deals VALUES(4,'Dinner');
CREATE TABLE deals_restaurants(
    id_deal INTEGER NOT NULL,
    id_restaurant INTEGER NOT NULL,
    hour_start_deal TEXT NOT NULL,
    hour_end_deal TEXT NOT NULL,
    FOREIGN KEY(id_restaurant) REFERENCES restaurants(id) ON DELETE CASCADE,
    FOREIGN KEY(id_deal) REFERENCES type_deals(id) ON DELETE CASCADE,
    PRIMARY KEY(id_restaurant, id_deal)
);
INSERT INTO deals_restaurants VALUES(4,1,'19:00','22:00');
INSERT INTO deals_restaurants VALUES(3,2,'12:00','14:30');
INSERT INTO deals_restaurants VALUES(4,3,'19:00','22:00');
INSERT INTO deals_restaurants VALUES(3,4,'12:00','14:30');
INSERT INTO deals_restaurants VALUES(4,5,'18:30','22:00');
INSERT INTO deals_restaurants VALUES(4,6,'19:00','22:00');
INSERT INTO deals_restaurants VALUES(3,7,'12:00','14:30');
INSERT INTO deals_restaurants VALUES(4,8,'19:00','22:30');
INSERT INTO deals_restaurants VALUES(4,9,'18:30','22:00');
INSERT INTO deals_restaurants VALUES(3,10,'12:30','14:30');
INSERT INTO deals_restaurants VALUES(4,11,'19:00','22:00');
INSERT INTO deals_restaurants VALUES(4,12,'18:30','22:30');
INSERT INTO deals_restaurants VALUES(3,13,'12:00','14:30');
INSERT INTO deals_restaurants VALUES(3,14,'12:00','14:30');
INSERT INTO deals_restaurants VALUES(4,15,'19:00','22:00');
INSERT INTO deals_restaurants VALUES(3,16,'12:00','14:30');
INSERT INTO deals_restaurants VALUES(4,17,'19:00','22:30');
INSERT INTO deals_restaurants VALUES(3,18,'12:00','14:30');
INSERT INTO deals_restaurants VALUES(4,19,'19:00','22:00');
INSERT INTO deals_restaurants VALUES(4,20,'19:00','22:00');
INSERT INTO deals_restaurants VALUES(3,21,'12:00','14:30');
INSERT INTO deals_restaurants VALUES(4,22,'19:00','22:30');
INSERT INTO deals_restaurants VALUES(3,23,'12:00','14:30');
INSERT INTO deals_restaurants VALUES(4,24,'18:30','22:00');
INSERT INTO deals_restaurants VALUES(3,25,'12:00','14:30');
INSERT INTO deals_restaurants VALUES(4,26,'19:00','22:00');
INSERT INTO deals_restaurants VALUES(3,27,'12:00','14:30');
INSERT INTO deals_restaurants VALUES(4,28,'19:00','22:00');
INSERT INTO deals_restaurants VALUES(3,29,'12:00','14:30');
INSERT INTO deals_restaurants VALUES(4,30,'18:30','22:00');
INSERT INTO deals_restaurants VALUES(3,31,'12:00','14:30');
INSERT INTO deals_restaurants VALUES(4,32,'19:00','22:00');
INSERT INTO deals_restaurants VALUES(3,33,'12:00','14:30');
INSERT INTO deals_restaurants VALUES(4,34,'19:00','22:00');
INSERT INTO deals_restaurants VALUES(2,35,'10:00','14:00');
INSERT INTO deals_restaurants VALUES(3,36,'12:00','14:30');
INSERT INTO deals_restaurants VALUES(2,37,'10:00','14:00');
INSERT INTO deals_restaurants VALUES(1,38,'07:30','10:30');
INSERT INTO deals_restaurants VALUES(2,39,'10:00','14:00');
INSERT INTO deals_restaurants VALUES(4,40,'19:00','22:00');
INSERT INTO deals_restaurants VALUES(2,41,'10:00','14:00');
INSERT INTO deals_restaurants VALUES(1,42,'07:30','10:30');
INSERT INTO deals_restaurants VALUES(2,43,'10:00','14:00');
INSERT INTO deals_restaurants VALUES(1,44,'07:30','10:30');
INSERT INTO deals_restaurants VALUES(2,45,'10:00','14:00');
CREATE TABLE culinary_experience(
    id INTEGER PRIMARY KEY AUTOINCREMENT, -- id autoincrement 
    id_restaurant INTEGER NOT NULL,
    description TEXT NOT NULL,
    include_1 TEXT,
    include_2 TEXT,
    include_3 TEXT,
    price INTEGER NOT NULL,
    meeting_point TEXT NOT NULL,
    start_hour TEXT NOT NULL,
    end_hour TEXT NOT NULL,
    UNIQUE (id, id_restaurant), -- Chiave composta univoca
    FOREIGN KEY(id_restaurant) REFERENCES restaurants(id) ON DELETE CASCADE
);
INSERT INTO culinary_experience VALUES(1,1,'An elegant experience focused on traditional Italian flavors with a contemporary twist.','Pasta','Wine pairing','Traditional dessert',100,'Via del Gusto 20, Torino','12:00','15:00');
INSERT INTO culinary_experience VALUES(2,3,'A family-oriented experience showcasing the best of Turin and Piedmontese cuisine.','Agnolotti','Brasato al Barolo','Piedmontese cheeses',80,'Corso Vittorio Emanuele II 100, Torino','13:00','16:00');
INSERT INTO culinary_experience VALUES(3,5,'Enjoy a traditional Piedmontese meal with local wines and exquisite local dishes.','Risotto al Barolo','Piedmontese beef','Dolce piemontese',90,'Corso Francia 50, Torino','19:00','22:00');
INSERT INTO culinary_experience VALUES(4,6,'A refined wine tasting experience paired with local dishes from the region.','Local cheeses','Charcuterie','Fine wines',120,'Via Garibaldi 20, Torino','18:00','21:00');
INSERT INTO culinary_experience VALUES(5,8,'A fusion of Italian and French cuisine in an intimate and chic setting.','Tartare','Ravioli','Crème brûlée',95,'Piazza del Duomo, Torino','13:00','16:00');
INSERT INTO culinary_experience VALUES(6,9,'A delightful experience combining seafood and mountain-inspired dishes.','Grilled fish','Mountain meats','Seasonal vegetables',110,'Lungofiume 10, Torino','19:00','22:00');
INSERT INTO culinary_experience VALUES(7,10,'An elegant dining experience inspired by royal tastes and seasonal ingredients.','Foie gras','Seasonal fish','Luxury dessert',150,'Corso Vittorio Emanuele II 150, Torino','19:30','22:30');
INSERT INTO culinary_experience VALUES(8,12,'A dreamy experience with creative twists on traditional Italian comfort food.','Homemade pasta','Risotto','Creative dessert',85,'Via dei Sogni 25, Torino','12:00','15:00');
INSERT INTO culinary_experience VALUES(9,13,'Gourmet dining with a focus on local, organic produce in a sophisticated setting.','Organic vegetables','Truffle pasta','Piedmontese wine pairing',130,'Piazza Castello, Torino','19:00','22:00');
INSERT INTO culinary_experience VALUES(10,15,'A fresh and vibrant seafood experience with Mediterranean-style dishes.','Fresh seafood','Lobster','Mediterranean salad',95,'Via Marittima 12, Torino','13:00','16:00');
INSERT INTO culinary_experience VALUES(11,17,'A fusion of traditional and contemporary flavors emphasizing passion for fine cuisine.','Grilled meats','Seasonal vegetables','Tasting menu',120,'Via delle Passioni 10, Torino','19:00','22:00');
INSERT INTO culinary_experience VALUES(12,18,'An experience focused on using the freshest seasonal ingredients straight from the market.','Fresh market vegetables','Seasonal fish','Homemade bread',85,'Piazza del Mercato 45, Torino','12:00','15:00');
INSERT INTO culinary_experience VALUES(13,21,'A refined yet casual dining experience with authentic Italian dishes and modern presentation.','Wood-fired pizza','Fresh pasta','Italian wine selection',100,'Via Bocconi 15, Torino','19:00','22:00');
INSERT INTO culinary_experience VALUES(14,22,'A delightful garden setting with gourmet meals inspired by nature and fresh ingredients.','Seasonal vegetables','Herb-infused dishes','Homemade desserts',110,'Via dei Giardini 50, Torino','13:00','16:00');
INSERT INTO culinary_experience VALUES(15,23,'A cozy setting offering Italian and French-inspired dishes with a touch of elegance.','Pasta','Grilled meats','French pastry',95,'Corso di Francia 150, Torino','19:00','22:00');
INSERT INTO culinary_experience VALUES(16,25,'A seafood experience with a Mediterranean twist, perfect for fish lovers.','Grilled fish','Clams','Seafood pasta',105,'Piazza del Mare 5, Torino','12:00','15:00');
INSERT INTO culinary_experience VALUES(17,26,'A fine dining experience that reinterprets traditional Italian dishes in a sophisticated environment.','Tasting menu','Seasonal fish','Fine wines',140,'Via Accademia 10, Torino','19:30','22:30');
INSERT INTO culinary_experience VALUES(18,28,'A mountain-inspired dining experience featuring hearty Alpine dishes and comfort food.','Polenta','Mountain cheese','Wild game meat',95,'Corso Alpini 25, Torino','13:00','16:00');
INSERT INTO culinary_experience VALUES(19,30,'A sunset-inspired Mediterranean dining experience with fresh, seasonal ingredients.','Grilled seafood','Sunset views','Mediterranean wine',120,'Via Tramonto 30, Torino','19:00','22:00');
INSERT INTO culinary_experience VALUES(20,31,'A Tuscan culinary journey featuring fresh pastas, grilled meats, and fine wines.','Grilled steak','Homemade pasta','Tuscan red wine',110,'Via Fiorentina 50, Torino','19:00','22:00');
INSERT INTO culinary_experience VALUES(21,34,'A chic, elegant experience offering a fusion of Italian and French dishes, perfect for special occasions.','Foie gras','Ravioli','Champagne',150,'Via Elegante 15, Torino','20:00','23:00');
INSERT INTO culinary_experience VALUES(22,36,'A Mediterranean-inspired experience with fresh, organic ingredients and traditional flavors.','Fresh seafood','Seasonal vegetables','Herb-infused oil',100,'Piazza del Gusto 30, Torino','13:00','16:00');
INSERT INTO culinary_experience VALUES(23,37,'A seafood-focused experience offering an extensive menu of fish and shellfish dishes.','Fresh oysters','Grilled tuna','Seafood platter',110,'Corso del Mare 20, Torino','12:00','15:00');
INSERT INTO culinary_experience VALUES(24,38,'A fine-dining experience showcasing the best of Piedmontese culinary traditions in an elegant atmosphere.','Risotto','Piedmontese meat','Artisan bread',150,'Via delle Perle 5, Torino','19:30','22:30');
INSERT INTO culinary_experience VALUES(25,40,'A rustic farm-to-table experience with fresh, locally-sourced ingredients from the hills.','Organic vegetables','Fresh cheese','Homemade pasta',95,'Corso delle Colline 25, Torino','13:00','16:00');
INSERT INTO culinary_experience VALUES(26,42,'A sustainable dining experience focused on farm-to-table meals in a green-themed setting.','Seasonal produce','Farm-fresh eggs','Organic wine',100,'Piazza Verde 15, Torino','19:00','22:00');
INSERT INTO culinary_experience VALUES(27,43,'A sophisticated bistro experience with regional dishes and an extensive wine list.','Cheese platter','Regional meats','Fine Italian wines',120,'Via della Vigna 25, Torino','18:00','21:00');
INSERT INTO culinary_experience VALUES(28,45,'A unique cultural experience blending art and dining, featuring gourmet Italian dishes.','Antipasti','Fresh pasta','Regional dessert',130,'Via della Galleria 35, Torino','19:00','22:00');
INSERT INTO culinary_experience VALUES(29,8,'A fusion of Italian and French cuisine in an intimate and chic setting.','Tartare','Ravioli','Crème brûlée',95,'Piazza del Duomo, Torino','13:00','16:00');
CREATE TABLE languages(
    id INTEGER NOT NULL PRIMARY KEY AUTOINCREMENT,
    name TEXT NOT NULL
);
INSERT INTO languages VALUES(1,'English');
INSERT INTO languages VALUES(2,'Mandarin Chinese');
INSERT INTO languages VALUES(3,'Hindi');
INSERT INTO languages VALUES(4,'Spanish');
INSERT INTO languages VALUES(5,'French');
INSERT INTO languages VALUES(6,'Arabic');
INSERT INTO languages VALUES(7,'Bengali');
INSERT INTO languages VALUES(8,'Russian');
INSERT INTO languages VALUES(9,'Portuguese');
INSERT INTO languages VALUES(10,'Urdu');
INSERT INTO languages VALUES(11,'Indonesian');
INSERT INTO languages VALUES(12,'German');
INSERT INTO languages VALUES(13,'Japanese');
INSERT INTO languages VALUES(14,'Swahili');
INSERT INTO languages VALUES(15,'Marathi');
INSERT INTO languages VALUES(16,'Telugu');
INSERT INTO languages VALUES(17,'Turkish');
INSERT INTO languages VALUES(18,'Korean');
INSERT INTO languages VALUES(19,'Tamil');
INSERT INTO languages VALUES(20,'Vietnamese');
INSERT INTO languages VALUES(21,'Italian');
CREATE TABLE ingredients(
    id INTEGER NOT NULL PRIMARY KEY AUTOINCREMENT,
    name TEXT NOT NULL
);
INSERT INTO ingredients VALUES(1,'Salt');
INSERT INTO ingredients VALUES(2,'Sugar');
INSERT INTO ingredients VALUES(3,'Flour');
INSERT INTO ingredients VALUES(4,'Butter');
INSERT INTO ingredients VALUES(5,'Milk');
INSERT INTO ingredients VALUES(6,'Eggs');
INSERT INTO ingredients VALUES(7,'Cheese');
INSERT INTO ingredients VALUES(8,'Olive oil');
INSERT INTO ingredients VALUES(9,'Garlic');
INSERT INTO ingredients VALUES(10,'Onion');
INSERT INTO ingredients VALUES(11,'Tomatoes');
INSERT INTO ingredients VALUES(12,'Basil');
INSERT INTO ingredients VALUES(13,'Oregano');
INSERT INTO ingredients VALUES(14,'Black pepper');
INSERT INTO ingredients VALUES(15,'Paprika');
INSERT INTO ingredients VALUES(16,'Chicken');
INSERT INTO ingredients VALUES(17,'Beef');
INSERT INTO ingredients VALUES(18,'Pork');
INSERT INTO ingredients VALUES(19,'Fish');
INSERT INTO ingredients VALUES(20,'Shrimp');
INSERT INTO ingredients VALUES(21,'Rice');
INSERT INTO ingredients VALUES(22,'Pasta');
INSERT INTO ingredients VALUES(23,'Potatoes');
INSERT INTO ingredients VALUES(24,'Carrots');
INSERT INTO ingredients VALUES(25,'Mushrooms');
INSERT INTO ingredients VALUES(26,'Spinach');
INSERT INTO ingredients VALUES(27,'Lettuce');
INSERT INTO ingredients VALUES(28,'Lemon');
INSERT INTO ingredients VALUES(29,'Orange');
INSERT INTO ingredients VALUES(30,'Apple');
INSERT INTO ingredients VALUES(31,'Banana');
INSERT INTO ingredients VALUES(32,'Strawberry');
INSERT INTO ingredients VALUES(33,'Blueberry');
INSERT INTO ingredients VALUES(34,'Raspberry');
INSERT INTO ingredients VALUES(35,'Mango');
INSERT INTO ingredients VALUES(36,'Pineapple');
INSERT INTO ingredients VALUES(37,'Watermelon');
INSERT INTO ingredients VALUES(38,'Melon');
INSERT INTO ingredients VALUES(39,'Peach');
INSERT INTO ingredients VALUES(40,'Plum');
INSERT INTO ingredients VALUES(41,'Cherry');
INSERT INTO ingredients VALUES(42,'Grape');
INSERT INTO ingredients VALUES(43,'Pomegranate');
INSERT INTO ingredients VALUES(44,'Broccoli');
INSERT INTO ingredients VALUES(45,'Cauliflower');
INSERT INTO ingredients VALUES(46,'Zucchini');
INSERT INTO ingredients VALUES(47,'Eggplant');
INSERT INTO ingredients VALUES(48,'Cucumber');
INSERT INTO ingredients VALUES(49,'Bell peppers');
INSERT INTO ingredients VALUES(50,'Chili peppers');
INSERT INTO ingredients VALUES(51,'Green beans');
INSERT INTO ingredients VALUES(52,'Peas');
INSERT INTO ingredients VALUES(53,'Garlic powder');
INSERT INTO ingredients VALUES(54,'Onion powder');
INSERT INTO ingredients VALUES(55,'Cayenne pepper');
INSERT INTO ingredients VALUES(56,'Chili powder');
INSERT INTO ingredients VALUES(57,'Thyme');
INSERT INTO ingredients VALUES(58,'Rosemary');
INSERT INTO ingredients VALUES(59,'Cumin');
INSERT INTO ingredients VALUES(60,'Coriander');
INSERT INTO ingredients VALUES(61,'Curry powder');
INSERT INTO ingredients VALUES(62,'Turmeric');
INSERT INTO ingredients VALUES(63,'Mustard');
INSERT INTO ingredients VALUES(64,'Vinegar');
INSERT INTO ingredients VALUES(65,'Soy sauce');
INSERT INTO ingredients VALUES(66,'Sweet potatoes');
INSERT INTO ingredients VALUES(67,'Artichokes');
INSERT INTO ingredients VALUES(68,'Asparagus');
INSERT INTO ingredients VALUES(69,'Leek');
INSERT INTO ingredients VALUES(70,'Celery');
INSERT INTO ingredients VALUES(71,'Barley');
INSERT INTO ingredients VALUES(72,'Oats');
INSERT INTO ingredients VALUES(73,'Quinoa');
INSERT INTO ingredients VALUES(74,'Couscous');
INSERT INTO ingredients VALUES(75,'Lentils');
INSERT INTO ingredients VALUES(76,'Chickpeas');
INSERT INTO ingredients VALUES(77,'Beans');
INSERT INTO ingredients VALUES(78,'Cream');
INSERT INTO ingredients VALUES(79,'Yogurt');
INSERT INTO ingredients VALUES(80,'Cottage cheese');
INSERT INTO ingredients VALUES(81,'Mozzarella');
INSERT INTO ingredients VALUES(82,'Parmesan');
INSERT INTO ingredients VALUES(83,'Ricotta');
INSERT INTO ingredients VALUES(84,'Lamb');
INSERT INTO ingredients VALUES(85,'Turkey');
INSERT INTO ingredients VALUES(86,'Duck');
INSERT INTO ingredients VALUES(87,'Sausage');
INSERT INTO ingredients VALUES(88,'Bacon');
INSERT INTO ingredients VALUES(89,'Ham');
INSERT INTO ingredients VALUES(90,'Salami');
INSERT INTO ingredients VALUES(91,'Salmon');
INSERT INTO ingredients VALUES(92,'Tuna');
INSERT INTO ingredients VALUES(93,'Cod');
INSERT INTO ingredients VALUES(94,'Mackerel');
INSERT INTO ingredients VALUES(95,'Sardines');
INSERT INTO ingredients VALUES(96,'Prawns');
INSERT INTO ingredients VALUES(97,'Lobster');
INSERT INTO ingredients VALUES(98,'Crab');
INSERT INTO ingredients VALUES(99,'Mussels');
INSERT INTO ingredients VALUES(100,'Clams');
INSERT INTO ingredients VALUES(101,'Octopus');
INSERT INTO ingredients VALUES(102,'Squid');
INSERT INTO ingredients VALUES(103,'Vegetable oil');
INSERT INTO ingredients VALUES(104,'Baking powder');
INSERT INTO ingredients VALUES(105,'Yeast');
INSERT INTO ingredients VALUES(106,'Honey');
INSERT INTO ingredients VALUES(107,'Chocolate');
INSERT INTO ingredients VALUES(108,'Cocoa powder');
INSERT INTO ingredients VALUES(109,'Coffee');
INSERT INTO ingredients VALUES(110,'Tea');
CREATE TABLE allergens(
    id INTEGER NOT NULL PRIMARY KEY AUTOINCREMENT,
    name TEXT NOT NULL
);
INSERT INTO allergens VALUES(1,'Gluten');
INSERT INTO allergens VALUES(2,'Crustaceans');
INSERT INTO allergens VALUES(3,'Eggs');
INSERT INTO allergens VALUES(4,'Fish');
INSERT INTO allergens VALUES(5,'Peanuts');
INSERT INTO allergens VALUES(6,'Soybeans');
INSERT INTO allergens VALUES(7,'Milk');
INSERT INTO allergens VALUES(8,'Nuts');
INSERT INTO allergens VALUES(9,'Celery');
INSERT INTO allergens VALUES(10,'Mustard');
INSERT INTO allergens VALUES(11,'Sesame seeds');
INSERT INTO allergens VALUES(12,'Sulphur dioxide and sulphites');
INSERT INTO allergens VALUES(13,'Lupin');
INSERT INTO allergens VALUES(14,'Molluscs');
CREATE TABLE culinary_experience_languages(
    id_language INTEGER NOT NULL,
    id_culinary_experience INTEGER NOT NULL,
    FOREIGN KEY(id_language) REFERENCES languages(id) ON DELETE CASCADE,
    FOREIGN KEY(id_culinary_experience) REFERENCES culinary_experience(id) ON DELETE CASCADE
    PRIMARY KEY(id_language, id_culinary_experience)
);
INSERT INTO culinary_experience_languages VALUES(1,1);
INSERT INTO culinary_experience_languages VALUES(1,2);
INSERT INTO culinary_experience_languages VALUES(4,2);
INSERT INTO culinary_experience_languages VALUES(1,3);
INSERT INTO culinary_experience_languages VALUES(5,3);
INSERT INTO culinary_experience_languages VALUES(1,4);
INSERT INTO culinary_experience_languages VALUES(9,4);
INSERT INTO culinary_experience_languages VALUES(1,5);
INSERT INTO culinary_experience_languages VALUES(2,5);
INSERT INTO culinary_experience_languages VALUES(1,6);
INSERT INTO culinary_experience_languages VALUES(3,6);
INSERT INTO culinary_experience_languages VALUES(1,7);
INSERT INTO culinary_experience_languages VALUES(6,7);
INSERT INTO culinary_experience_languages VALUES(1,8);
INSERT INTO culinary_experience_languages VALUES(10,8);
INSERT INTO culinary_experience_languages VALUES(1,9);
INSERT INTO culinary_experience_languages VALUES(12,9);
INSERT INTO culinary_experience_languages VALUES(1,10);
INSERT INTO culinary_experience_languages VALUES(11,10);
INSERT INTO culinary_experience_languages VALUES(1,11);
INSERT INTO culinary_experience_languages VALUES(17,11);
INSERT INTO culinary_experience_languages VALUES(1,12);
INSERT INTO culinary_experience_languages VALUES(13,12);
INSERT INTO culinary_experience_languages VALUES(1,13);
INSERT INTO culinary_experience_languages VALUES(18,13);
INSERT INTO culinary_experience_languages VALUES(1,14);
INSERT INTO culinary_experience_languages VALUES(19,14);
INSERT INTO culinary_experience_languages VALUES(1,15);
INSERT INTO culinary_experience_languages VALUES(20,15);
INSERT INTO culinary_experience_languages VALUES(1,16);
INSERT INTO culinary_experience_languages VALUES(7,16);
INSERT INTO culinary_experience_languages VALUES(1,17);
INSERT INTO culinary_experience_languages VALUES(4,17);
INSERT INTO culinary_experience_languages VALUES(1,18);
INSERT INTO culinary_experience_languages VALUES(9,18);
INSERT INTO culinary_experience_languages VALUES(1,19);
INSERT INTO culinary_experience_languages VALUES(2,19);
INSERT INTO culinary_experience_languages VALUES(1,20);
INSERT INTO culinary_experience_languages VALUES(5,20);
INSERT INTO culinary_experience_languages VALUES(1,21);
INSERT INTO culinary_experience_languages VALUES(21,21);
INSERT INTO culinary_experience_languages VALUES(1,22);
INSERT INTO culinary_experience_languages VALUES(1,23);
INSERT INTO culinary_experience_languages VALUES(4,23);
INSERT INTO culinary_experience_languages VALUES(1,24);
INSERT INTO culinary_experience_languages VALUES(6,24);
INSERT INTO culinary_experience_languages VALUES(1,25);
INSERT INTO culinary_experience_languages VALUES(8,25);
INSERT INTO culinary_experience_languages VALUES(1,26);
INSERT INTO culinary_experience_languages VALUES(12,26);
INSERT INTO culinary_experience_languages VALUES(1,27);
INSERT INTO culinary_experience_languages VALUES(17,27);
INSERT INTO culinary_experience_languages VALUES(1,28);
INSERT INTO culinary_experience_languages VALUES(5,28);
INSERT INTO culinary_experience_languages VALUES(1,29);
INSERT INTO culinary_experience_languages VALUES(19,29);
CREATE TABLE dishes_ingredients(
    id_dish INTEGER NOT NULL,
    id_ingredient INTEGER NOT NULL,
    FOREIGN KEY(id_dish) REFERENCES dishes(id) ON DELETE CASCADE,
    FOREIGN KEY(id_ingredient) REFERENCES ingredients(id) ON DELETE CASCADE,
    PRIMARY KEY(id_dish, id_ingredient)
);
INSERT INTO dishes_ingredients VALUES(55,9);
INSERT INTO dishes_ingredients VALUES(55,10);
INSERT INTO dishes_ingredients VALUES(55,19);
INSERT INTO dishes_ingredients VALUES(55,20);
INSERT INTO dishes_ingredients VALUES(55,23);
INSERT INTO dishes_ingredients VALUES(55,103);
INSERT INTO dishes_ingredients VALUES(56,3);
INSERT INTO dishes_ingredients VALUES(56,4);
INSERT INTO dishes_ingredients VALUES(56,6);
INSERT INTO dishes_ingredients VALUES(56,7);
INSERT INTO dishes_ingredients VALUES(56,12);
INSERT INTO dishes_ingredients VALUES(56,8);
INSERT INTO dishes_ingredients VALUES(57,25);
INSERT INTO dishes_ingredients VALUES(57,2);
INSERT INTO dishes_ingredients VALUES(57,5);
INSERT INTO dishes_ingredients VALUES(57,8);
INSERT INTO dishes_ingredients VALUES(57,7);
INSERT INTO dishes_ingredients VALUES(57,14);
INSERT INTO dishes_ingredients VALUES(58,17);
INSERT INTO dishes_ingredients VALUES(58,23);
INSERT INTO dishes_ingredients VALUES(58,58);
INSERT INTO dishes_ingredients VALUES(58,8);
INSERT INTO dishes_ingredients VALUES(59,3);
INSERT INTO dishes_ingredients VALUES(59,10);
INSERT INTO dishes_ingredients VALUES(59,11);
INSERT INTO dishes_ingredients VALUES(59,48);
INSERT INTO dishes_ingredients VALUES(59,12);
INSERT INTO dishes_ingredients VALUES(59,64);
INSERT INTO dishes_ingredients VALUES(60,47);
INSERT INTO dishes_ingredients VALUES(60,11);
INSERT INTO dishes_ingredients VALUES(60,48);
INSERT INTO dishes_ingredients VALUES(60,9);
INSERT INTO dishes_ingredients VALUES(60,13);
INSERT INTO dishes_ingredients VALUES(60,8);
INSERT INTO dishes_ingredients VALUES(61,3);
INSERT INTO dishes_ingredients VALUES(61,4);
INSERT INTO dishes_ingredients VALUES(61,5);
INSERT INTO dishes_ingredients VALUES(61,6);
INSERT INTO dishes_ingredients VALUES(61,7);
INSERT INTO dishes_ingredients VALUES(61,106);
INSERT INTO dishes_ingredients VALUES(62,4);
INSERT INTO dishes_ingredients VALUES(62,5);
INSERT INTO dishes_ingredients VALUES(62,6);
INSERT INTO dishes_ingredients VALUES(62,7);
INSERT INTO dishes_ingredients VALUES(62,106);
INSERT INTO dishes_ingredients VALUES(63,71);
INSERT INTO dishes_ingredients VALUES(63,25);
INSERT INTO dishes_ingredients VALUES(63,7);
INSERT INTO dishes_ingredients VALUES(63,8);
INSERT INTO dishes_ingredients VALUES(64,9);
INSERT INTO dishes_ingredients VALUES(64,8);
INSERT INTO dishes_ingredients VALUES(64,6);
INSERT INTO dishes_ingredients VALUES(65,6);
INSERT INTO dishes_ingredients VALUES(65,26);
INSERT INTO dishes_ingredients VALUES(65,7);
INSERT INTO dishes_ingredients VALUES(65,63);
INSERT INTO dishes_ingredients VALUES(66,81);
INSERT INTO dishes_ingredients VALUES(66,91);
INSERT INTO dishes_ingredients VALUES(66,7);
INSERT INTO dishes_ingredients VALUES(66,8);
INSERT INTO dishes_ingredients VALUES(67,48);
INSERT INTO dishes_ingredients VALUES(67,79);
INSERT INTO dishes_ingredients VALUES(67,12);
INSERT INTO dishes_ingredients VALUES(68,6);
INSERT INTO dishes_ingredients VALUES(68,11);
INSERT INTO dishes_ingredients VALUES(68,49);
INSERT INTO dishes_ingredients VALUES(68,10);
INSERT INTO dishes_ingredients VALUES(69,3);
INSERT INTO dishes_ingredients VALUES(69,4);
INSERT INTO dishes_ingredients VALUES(69,6);
INSERT INTO dishes_ingredients VALUES(69,106);
INSERT INTO dishes_ingredients VALUES(70,3);
INSERT INTO dishes_ingredients VALUES(70,4);
INSERT INTO dishes_ingredients VALUES(70,6);
INSERT INTO dishes_ingredients VALUES(70,32);
INSERT INTO dishes_ingredients VALUES(70,30);
INSERT INTO dishes_ingredients VALUES(71,72);
INSERT INTO dishes_ingredients VALUES(71,79);
INSERT INTO dishes_ingredients VALUES(71,32);
INSERT INTO dishes_ingredients VALUES(72,81);
INSERT INTO dishes_ingredients VALUES(72,89);
INSERT INTO dishes_ingredients VALUES(72,4);
INSERT INTO dishes_ingredients VALUES(72,103);
INSERT INTO dishes_ingredients VALUES(73,30);
INSERT INTO dishes_ingredients VALUES(73,27);
INSERT INTO dishes_ingredients VALUES(73,64);
INSERT INTO dishes_ingredients VALUES(74,3);
INSERT INTO dishes_ingredients VALUES(74,4);
INSERT INTO dishes_ingredients VALUES(74,5);
INSERT INTO dishes_ingredients VALUES(74,30);
INSERT INTO dishes_ingredients VALUES(74,32);
INSERT INTO dishes_ingredients VALUES(75,22);
INSERT INTO dishes_ingredients VALUES(75,25);
INSERT INTO dishes_ingredients VALUES(75,62);
INSERT INTO dishes_ingredients VALUES(75,7);
INSERT INTO dishes_ingredients VALUES(76,71);
INSERT INTO dishes_ingredients VALUES(76,87);
INSERT INTO dishes_ingredients VALUES(76,7);
INSERT INTO dishes_ingredients VALUES(77,19);
INSERT INTO dishes_ingredients VALUES(77,28);
INSERT INTO dishes_ingredients VALUES(77,8);
INSERT INTO dishes_ingredients VALUES(78,19);
INSERT INTO dishes_ingredients VALUES(78,44);
INSERT INTO dishes_ingredients VALUES(78,49);
INSERT INTO dishes_ingredients VALUES(79,21);
INSERT INTO dishes_ingredients VALUES(79,62);
INSERT INTO dishes_ingredients VALUES(79,7);
INSERT INTO dishes_ingredients VALUES(80,6);
INSERT INTO dishes_ingredients VALUES(80,25);
INSERT INTO dishes_ingredients VALUES(81,45);
INSERT INTO dishes_ingredients VALUES(81,24);
INSERT INTO dishes_ingredients VALUES(81,79);
INSERT INTO dishes_ingredients VALUES(82,18);
INSERT INTO dishes_ingredients VALUES(82,30);
INSERT INTO dishes_ingredients VALUES(83,37);
INSERT INTO dishes_ingredients VALUES(83,36);
INSERT INTO dishes_ingredients VALUES(83,42);
INSERT INTO dishes_ingredients VALUES(84,3);
INSERT INTO dishes_ingredients VALUES(84,4);
INSERT INTO dishes_ingredients VALUES(84,30);
INSERT INTO dishes_ingredients VALUES(85,16);
INSERT INTO dishes_ingredients VALUES(85,28);
INSERT INTO dishes_ingredients VALUES(85,9);
INSERT INTO dishes_ingredients VALUES(86,22);
INSERT INTO dishes_ingredients VALUES(86,87);
INSERT INTO dishes_ingredients VALUES(86,6);
INSERT INTO dishes_ingredients VALUES(86,82);
INSERT INTO dishes_ingredients VALUES(87,22);
INSERT INTO dishes_ingredients VALUES(87,2);
INSERT INTO dishes_ingredients VALUES(87,6);
INSERT INTO dishes_ingredients VALUES(87,7);
INSERT INTO dishes_ingredients VALUES(88,75);
INSERT INTO dishes_ingredients VALUES(88,9);
INSERT INTO dishes_ingredients VALUES(88,14);
INSERT INTO dishes_ingredients VALUES(89,22);
INSERT INTO dishes_ingredients VALUES(89,25);
INSERT INTO dishes_ingredients VALUES(90,21);
INSERT INTO dishes_ingredients VALUES(90,68);
INSERT INTO dishes_ingredients VALUES(90,7);
INSERT INTO dishes_ingredients VALUES(91,17);
INSERT INTO dishes_ingredients VALUES(91,58);
INSERT INTO dishes_ingredients VALUES(91,8);
INSERT INTO dishes_ingredients VALUES(92,19);
INSERT INTO dishes_ingredients VALUES(92,20);
INSERT INTO dishes_ingredients VALUES(92,23);
INSERT INTO dishes_ingredients VALUES(92,103);
INSERT INTO dishes_ingredients VALUES(93,78);
INSERT INTO dishes_ingredients VALUES(93,34);
INSERT INTO dishes_ingredients VALUES(94,3);
INSERT INTO dishes_ingredients VALUES(94,30);
INSERT INTO dishes_ingredients VALUES(94,4);
INSERT INTO dishes_ingredients VALUES(95,3);
INSERT INTO dishes_ingredients VALUES(95,6);
INSERT INTO dishes_ingredients VALUES(95,79);
INSERT INTO dishes_ingredients VALUES(95,82);
INSERT INTO dishes_ingredients VALUES(95,58);
INSERT INTO dishes_ingredients VALUES(95,63);
INSERT INTO dishes_ingredients VALUES(95,15);
INSERT INTO dishes_ingredients VALUES(96,21);
INSERT INTO dishes_ingredients VALUES(96,61);
INSERT INTO dishes_ingredients VALUES(96,63);
INSERT INTO dishes_ingredients VALUES(96,64);
INSERT INTO dishes_ingredients VALUES(96,28);
INSERT INTO dishes_ingredients VALUES(96,59);
INSERT INTO dishes_ingredients VALUES(97,75);
INSERT INTO dishes_ingredients VALUES(97,87);
INSERT INTO dishes_ingredients VALUES(97,44);
INSERT INTO dishes_ingredients VALUES(97,52);
INSERT INTO dishes_ingredients VALUES(97,66);
INSERT INTO dishes_ingredients VALUES(98,91);
INSERT INTO dishes_ingredients VALUES(98,48);
INSERT INTO dishes_ingredients VALUES(98,43);
INSERT INTO dishes_ingredients VALUES(98,59);
INSERT INTO dishes_ingredients VALUES(98,62);
INSERT INTO dishes_ingredients VALUES(99,3);
INSERT INTO dishes_ingredients VALUES(99,6);
INSERT INTO dishes_ingredients VALUES(99,56);
INSERT INTO dishes_ingredients VALUES(99,107);
INSERT INTO dishes_ingredients VALUES(99,28);
INSERT INTO dishes_ingredients VALUES(100,3);
INSERT INTO dishes_ingredients VALUES(100,6);
INSERT INTO dishes_ingredients VALUES(100,23);
INSERT INTO dishes_ingredients VALUES(100,79);
INSERT INTO dishes_ingredients VALUES(100,55);
INSERT INTO dishes_ingredients VALUES(101,48);
INSERT INTO dishes_ingredients VALUES(101,62);
INSERT INTO dishes_ingredients VALUES(101,70);
INSERT INTO dishes_ingredients VALUES(101,12);
INSERT INTO dishes_ingredients VALUES(102,73);
INSERT INTO dishes_ingredients VALUES(102,25);
INSERT INTO dishes_ingredients VALUES(102,59);
INSERT INTO dishes_ingredients VALUES(102,44);
INSERT INTO dishes_ingredients VALUES(103,6);
INSERT INTO dishes_ingredients VALUES(103,78);
INSERT INTO dishes_ingredients VALUES(103,107);
INSERT INTO dishes_ingredients VALUES(103,79);
INSERT INTO dishes_ingredients VALUES(103,109);
INSERT INTO dishes_ingredients VALUES(104,95);
INSERT INTO dishes_ingredients VALUES(104,96);
INSERT INTO dishes_ingredients VALUES(104,90);
INSERT INTO dishes_ingredients VALUES(104,44);
INSERT INTO dishes_ingredients VALUES(104,64);
INSERT INTO dishes_ingredients VALUES(105,84);
INSERT INTO dishes_ingredients VALUES(105,79);
INSERT INTO dishes_ingredients VALUES(105,64);
INSERT INTO dishes_ingredients VALUES(105,43);
INSERT INTO dishes_ingredients VALUES(105,66);
INSERT INTO dishes_ingredients VALUES(106,21);
INSERT INTO dishes_ingredients VALUES(106,95);
INSERT INTO dishes_ingredients VALUES(106,96);
INSERT INTO dishes_ingredients VALUES(106,91);
INSERT INTO dishes_ingredients VALUES(106,79);
INSERT INTO dishes_ingredients VALUES(107,87);
INSERT INTO dishes_ingredients VALUES(107,58);
INSERT INTO dishes_ingredients VALUES(107,44);
INSERT INTO dishes_ingredients VALUES(107,63);
INSERT INTO dishes_ingredients VALUES(107,29);
INSERT INTO dishes_ingredients VALUES(108,96);
INSERT INTO dishes_ingredients VALUES(108,50);
INSERT INTO dishes_ingredients VALUES(108,103);
INSERT INTO dishes_ingredients VALUES(108,62);
INSERT INTO dishes_ingredients VALUES(109,98);
INSERT INTO dishes_ingredients VALUES(109,44);
INSERT INTO dishes_ingredients VALUES(109,15);
INSERT INTO dishes_ingredients VALUES(109,64);
INSERT INTO dishes_ingredients VALUES(110,3);
INSERT INTO dishes_ingredients VALUES(110,6);
INSERT INTO dishes_ingredients VALUES(110,79);
INSERT INTO dishes_ingredients VALUES(110,82);
INSERT INTO dishes_ingredients VALUES(110,58);
INSERT INTO dishes_ingredients VALUES(111,1);
INSERT INTO dishes_ingredients VALUES(111,12);
INSERT INTO dishes_ingredients VALUES(111,48);
INSERT INTO dishes_ingredients VALUES(111,63);
INSERT INTO dishes_ingredients VALUES(112,3);
INSERT INTO dishes_ingredients VALUES(112,6);
INSERT INTO dishes_ingredients VALUES(112,28);
INSERT INTO dishes_ingredients VALUES(112,78);
INSERT INTO dishes_ingredients VALUES(113,73);
INSERT INTO dishes_ingredients VALUES(113,25);
INSERT INTO dishes_ingredients VALUES(113,64);
INSERT INTO dishes_ingredients VALUES(114,44);
INSERT INTO dishes_ingredients VALUES(114,49);
INSERT INTO dishes_ingredients VALUES(114,46);
INSERT INTO dishes_ingredients VALUES(114,47);
INSERT INTO dishes_ingredients VALUES(115,22);
INSERT INTO dishes_ingredients VALUES(115,10);
INSERT INTO dishes_ingredients VALUES(115,44);
INSERT INTO dishes_ingredients VALUES(115,84);
INSERT INTO dishes_ingredients VALUES(115,58);
INSERT INTO dishes_ingredients VALUES(116,73);
INSERT INTO dishes_ingredients VALUES(116,87);
INSERT INTO dishes_ingredients VALUES(116,44);
INSERT INTO dishes_ingredients VALUES(116,46);
INSERT INTO dishes_ingredients VALUES(117,93);
INSERT INTO dishes_ingredients VALUES(117,10);
INSERT INTO dishes_ingredients VALUES(117,49);
INSERT INTO dishes_ingredients VALUES(117,64);
INSERT INTO dishes_ingredients VALUES(118,3);
INSERT INTO dishes_ingredients VALUES(118,6);
INSERT INTO dishes_ingredients VALUES(118,78);
INSERT INTO dishes_ingredients VALUES(118,106);
INSERT INTO dishes_ingredients VALUES(119,99);
INSERT INTO dishes_ingredients VALUES(119,9);
INSERT INTO dishes_ingredients VALUES(119,64);
INSERT INTO dishes_ingredients VALUES(119,49);
INSERT INTO dishes_ingredients VALUES(120,6);
INSERT INTO dishes_ingredients VALUES(120,26);
INSERT INTO dishes_ingredients VALUES(120,79);
INSERT INTO dishes_ingredients VALUES(121,87);
INSERT INTO dishes_ingredients VALUES(121,84);
INSERT INTO dishes_ingredients VALUES(121,88);
INSERT INTO dishes_ingredients VALUES(121,58);
INSERT INTO dishes_ingredients VALUES(122,10);
INSERT INTO dishes_ingredients VALUES(122,9);
INSERT INTO dishes_ingredients VALUES(122,44);
INSERT INTO dishes_ingredients VALUES(123,30);
INSERT INTO dishes_ingredients VALUES(123,24);
INSERT INTO dishes_ingredients VALUES(123,63);
INSERT INTO dishes_ingredients VALUES(123,71);
INSERT INTO dishes_ingredients VALUES(124,6);
INSERT INTO dishes_ingredients VALUES(124,78);
INSERT INTO dishes_ingredients VALUES(124,109);
INSERT INTO dishes_ingredients VALUES(124,107);
INSERT INTO dishes_ingredients VALUES(125,22);
INSERT INTO dishes_ingredients VALUES(125,12);
INSERT INTO dishes_ingredients VALUES(125,8);
INSERT INTO dishes_ingredients VALUES(125,9);
INSERT INTO dishes_ingredients VALUES(126,22);
INSERT INTO dishes_ingredients VALUES(126,17);
INSERT INTO dishes_ingredients VALUES(126,10);
INSERT INTO dishes_ingredients VALUES(126,9);
INSERT INTO dishes_ingredients VALUES(127,21);
INSERT INTO dishes_ingredients VALUES(127,96);
INSERT INTO dishes_ingredients VALUES(127,91);
INSERT INTO dishes_ingredients VALUES(127,99);
INSERT INTO dishes_ingredients VALUES(127,10);
INSERT INTO dishes_ingredients VALUES(128,17);
INSERT INTO dishes_ingredients VALUES(128,3);
INSERT INTO dishes_ingredients VALUES(128,6);
INSERT INTO dishes_ingredients VALUES(128,82);
INSERT INTO dishes_ingredients VALUES(129,12);
INSERT INTO dishes_ingredients VALUES(129,81);
INSERT INTO dishes_ingredients VALUES(129,8);
INSERT INTO dishes_ingredients VALUES(130,91);
INSERT INTO dishes_ingredients VALUES(130,28);
INSERT INTO dishes_ingredients VALUES(130,8);
INSERT INTO dishes_ingredients VALUES(130,14);
INSERT INTO dishes_ingredients VALUES(131,73);
INSERT INTO dishes_ingredients VALUES(131,25);
INSERT INTO dishes_ingredients VALUES(131,59);
INSERT INTO dishes_ingredients VALUES(132,21);
INSERT INTO dishes_ingredients VALUES(132,59);
INSERT INTO dishes_ingredients VALUES(132,28);
INSERT INTO dishes_ingredients VALUES(132,62);
INSERT INTO dishes_ingredients VALUES(133,6);
INSERT INTO dishes_ingredients VALUES(133,78);
INSERT INTO dishes_ingredients VALUES(133,109);
INSERT INTO dishes_ingredients VALUES(133,107);
INSERT INTO dishes_ingredients VALUES(134,3);
INSERT INTO dishes_ingredients VALUES(134,6);
INSERT INTO dishes_ingredients VALUES(134,107);
INSERT INTO dishes_ingredients VALUES(134,79);
INSERT INTO dishes_ingredients VALUES(135,96);
INSERT INTO dishes_ingredients VALUES(135,9);
INSERT INTO dishes_ingredients VALUES(135,50);
INSERT INTO dishes_ingredients VALUES(135,103);
INSERT INTO dishes_ingredients VALUES(136,22);
INSERT INTO dishes_ingredients VALUES(136,100);
INSERT INTO dishes_ingredients VALUES(136,9);
INSERT INTO dishes_ingredients VALUES(136,8);
INSERT INTO dishes_ingredients VALUES(137,21);
INSERT INTO dishes_ingredients VALUES(137,95);
INSERT INTO dishes_ingredients VALUES(137,96);
INSERT INTO dishes_ingredients VALUES(137,91);
INSERT INTO dishes_ingredients VALUES(137,10);
INSERT INTO dishes_ingredients VALUES(138,91);
INSERT INTO dishes_ingredients VALUES(138,100);
INSERT INTO dishes_ingredients VALUES(138,99);
INSERT INTO dishes_ingredients VALUES(138,96);
INSERT INTO dishes_ingredients VALUES(139,91);
INSERT INTO dishes_ingredients VALUES(139,96);
INSERT INTO dishes_ingredients VALUES(139,99);
INSERT INTO dishes_ingredients VALUES(139,44);
INSERT INTO dishes_ingredients VALUES(140,16);
INSERT INTO dishes_ingredients VALUES(140,28);
INSERT INTO dishes_ingredients VALUES(140,9);
INSERT INTO dishes_ingredients VALUES(140,58);
INSERT INTO dishes_ingredients VALUES(141,3);
INSERT INTO dishes_ingredients VALUES(141,6);
INSERT INTO dishes_ingredients VALUES(141,78);
INSERT INTO dishes_ingredients VALUES(141,106);
INSERT INTO dishes_ingredients VALUES(142,47);
INSERT INTO dishes_ingredients VALUES(142,82);
INSERT INTO dishes_ingredients VALUES(142,81);
INSERT INTO dishes_ingredients VALUES(142,9);
INSERT INTO dishes_ingredients VALUES(143,6);
INSERT INTO dishes_ingredients VALUES(143,46);
INSERT INTO dishes_ingredients VALUES(143,79);
INSERT INTO dishes_ingredients VALUES(144,99);
INSERT INTO dishes_ingredients VALUES(144,78);
INSERT INTO dishes_ingredients VALUES(144,3);
INSERT INTO dishes_ingredients VALUES(145,21);
INSERT INTO dishes_ingredients VALUES(145,64);
INSERT INTO dishes_ingredients VALUES(145,59);
INSERT INTO dishes_ingredients VALUES(145,28);
INSERT INTO dishes_ingredients VALUES(146,100);
INSERT INTO dishes_ingredients VALUES(146,63);
INSERT INTO dishes_ingredients VALUES(146,9);
INSERT INTO dishes_ingredients VALUES(146,82);
INSERT INTO dishes_ingredients VALUES(147,87);
INSERT INTO dishes_ingredients VALUES(147,58);
INSERT INTO dishes_ingredients VALUES(147,79);
INSERT INTO dishes_ingredients VALUES(148,87);
INSERT INTO dishes_ingredients VALUES(148,58);
INSERT INTO dishes_ingredients VALUES(149,91);
INSERT INTO dishes_ingredients VALUES(149,96);
INSERT INTO dishes_ingredients VALUES(149,99);
INSERT INTO dishes_ingredients VALUES(149,44);
INSERT INTO dishes_ingredients VALUES(150,73);
INSERT INTO dishes_ingredients VALUES(150,25);
INSERT INTO dishes_ingredients VALUES(150,64);
INSERT INTO dishes_ingredients VALUES(151,99);
INSERT INTO dishes_ingredients VALUES(151,96);
INSERT INTO dishes_ingredients VALUES(151,100);
INSERT INTO dishes_ingredients VALUES(151,50);
INSERT INTO dishes_ingredients VALUES(152,44);
INSERT INTO dishes_ingredients VALUES(152,78);
INSERT INTO dishes_ingredients VALUES(152,9);
INSERT INTO dishes_ingredients VALUES(152,59);
INSERT INTO dishes_ingredients VALUES(153,6);
INSERT INTO dishes_ingredients VALUES(153,78);
INSERT INTO dishes_ingredients VALUES(153,109);
INSERT INTO dishes_ingredients VALUES(153,107);
INSERT INTO dishes_ingredients VALUES(154,107);
INSERT INTO dishes_ingredients VALUES(154,78);
INSERT INTO dishes_ingredients VALUES(154,3);
INSERT INTO dishes_ingredients VALUES(155,22);
INSERT INTO dishes_ingredients VALUES(155,17);
INSERT INTO dishes_ingredients VALUES(155,10);
INSERT INTO dishes_ingredients VALUES(155,78);
INSERT INTO dishes_ingredients VALUES(155,63);
INSERT INTO dishes_ingredients VALUES(156,47);
INSERT INTO dishes_ingredients VALUES(156,10);
INSERT INTO dishes_ingredients VALUES(156,9);
INSERT INTO dishes_ingredients VALUES(156,49);
INSERT INTO dishes_ingredients VALUES(156,64);
INSERT INTO dishes_ingredients VALUES(157,16);
INSERT INTO dishes_ingredients VALUES(157,10);
INSERT INTO dishes_ingredients VALUES(157,49);
INSERT INTO dishes_ingredients VALUES(157,9);
INSERT INTO dishes_ingredients VALUES(157,28);
INSERT INTO dishes_ingredients VALUES(158,22);
INSERT INTO dishes_ingredients VALUES(158,87);
INSERT INTO dishes_ingredients VALUES(158,79);
INSERT INTO dishes_ingredients VALUES(158,63);
INSERT INTO dishes_ingredients VALUES(159,93);
INSERT INTO dishes_ingredients VALUES(159,78);
INSERT INTO dishes_ingredients VALUES(159,9);
INSERT INTO dishes_ingredients VALUES(159,64);
INSERT INTO dishes_ingredients VALUES(160,21);
INSERT INTO dishes_ingredients VALUES(160,25);
INSERT INTO dishes_ingredients VALUES(160,58);
INSERT INTO dishes_ingredients VALUES(160,79);
INSERT INTO dishes_ingredients VALUES(161,22);
INSERT INTO dishes_ingredients VALUES(161,12);
INSERT INTO dishes_ingredients VALUES(161,46);
INSERT INTO dishes_ingredients VALUES(161,10);
INSERT INTO dishes_ingredients VALUES(162,6);
INSERT INTO dishes_ingredients VALUES(162,12);
INSERT INTO dishes_ingredients VALUES(162,79);
INSERT INTO dishes_ingredients VALUES(163,6);
INSERT INTO dishes_ingredients VALUES(163,78);
INSERT INTO dishes_ingredients VALUES(163,109);
INSERT INTO dishes_ingredients VALUES(163,107);
INSERT INTO dishes_ingredients VALUES(164,3);
INSERT INTO dishes_ingredients VALUES(164,78);
INSERT INTO dishes_ingredients VALUES(164,12);
INSERT INTO dishes_ingredients VALUES(164,106);
INSERT INTO dishes_ingredients VALUES(165,22);
INSERT INTO dishes_ingredients VALUES(165,63);
INSERT INTO dishes_ingredients VALUES(165,9);
INSERT INTO dishes_ingredients VALUES(165,82);
INSERT INTO dishes_ingredients VALUES(166,87);
INSERT INTO dishes_ingredients VALUES(166,58);
INSERT INTO dishes_ingredients VALUES(166,9);
INSERT INTO dishes_ingredients VALUES(166,44);
INSERT INTO dishes_ingredients VALUES(167,100);
INSERT INTO dishes_ingredients VALUES(167,12);
INSERT INTO dishes_ingredients VALUES(167,9);
INSERT INTO dishes_ingredients VALUES(167,79);
INSERT INTO dishes_ingredients VALUES(168,73);
INSERT INTO dishes_ingredients VALUES(168,25);
INSERT INTO dishes_ingredients VALUES(168,79);
INSERT INTO dishes_ingredients VALUES(169,99);
INSERT INTO dishes_ingredients VALUES(169,96);
INSERT INTO dishes_ingredients VALUES(169,100);
INSERT INTO dishes_ingredients VALUES(169,50);
INSERT INTO dishes_ingredients VALUES(170,68);
INSERT INTO dishes_ingredients VALUES(170,9);
INSERT INTO dishes_ingredients VALUES(170,58);
INSERT INTO dishes_ingredients VALUES(170,44);
INSERT INTO dishes_ingredients VALUES(171,21);
INSERT INTO dishes_ingredients VALUES(171,28);
INSERT INTO dishes_ingredients VALUES(171,58);
INSERT INTO dishes_ingredients VALUES(171,79);
INSERT INTO dishes_ingredients VALUES(172,47);
INSERT INTO dishes_ingredients VALUES(172,9);
INSERT INTO dishes_ingredients VALUES(172,82);
INSERT INTO dishes_ingredients VALUES(172,81);
INSERT INTO dishes_ingredients VALUES(173,6);
INSERT INTO dishes_ingredients VALUES(173,78);
INSERT INTO dishes_ingredients VALUES(173,109);
INSERT INTO dishes_ingredients VALUES(173,107);
INSERT INTO dishes_ingredients VALUES(174,78);
INSERT INTO dishes_ingredients VALUES(174,28);
INSERT INTO dishes_ingredients VALUES(174,3);
INSERT INTO dishes_ingredients VALUES(175,21);
INSERT INTO dishes_ingredients VALUES(175,59);
INSERT INTO dishes_ingredients VALUES(175,58);
INSERT INTO dishes_ingredients VALUES(175,64);
INSERT INTO dishes_ingredients VALUES(176,96);
INSERT INTO dishes_ingredients VALUES(176,9);
INSERT INTO dishes_ingredients VALUES(176,50);
INSERT INTO dishes_ingredients VALUES(176,103);
INSERT INTO dishes_ingredients VALUES(177,87);
INSERT INTO dishes_ingredients VALUES(177,58);
INSERT INTO dishes_ingredients VALUES(177,79);
INSERT INTO dishes_ingredients VALUES(178,91);
INSERT INTO dishes_ingredients VALUES(178,28);
INSERT INTO dishes_ingredients VALUES(178,64);
INSERT INTO dishes_ingredients VALUES(178,58);
INSERT INTO dishes_ingredients VALUES(179,22);
INSERT INTO dishes_ingredients VALUES(179,87);
INSERT INTO dishes_ingredients VALUES(179,79);
INSERT INTO dishes_ingredients VALUES(179,63);
INSERT INTO dishes_ingredients VALUES(180,73);
INSERT INTO dishes_ingredients VALUES(180,25);
INSERT INTO dishes_ingredients VALUES(180,79);
INSERT INTO dishes_ingredients VALUES(181,47);
INSERT INTO dishes_ingredients VALUES(181,9);
INSERT INTO dishes_ingredients VALUES(181,82);
INSERT INTO dishes_ingredients VALUES(181,81);
INSERT INTO dishes_ingredients VALUES(182,3);
INSERT INTO dishes_ingredients VALUES(182,6);
INSERT INTO dishes_ingredients VALUES(182,107);
INSERT INTO dishes_ingredients VALUES(182,79);
INSERT INTO dishes_ingredients VALUES(183,3);
INSERT INTO dishes_ingredients VALUES(183,12);
INSERT INTO dishes_ingredients VALUES(183,106);
INSERT INTO dishes_ingredients VALUES(184,6);
INSERT INTO dishes_ingredients VALUES(184,78);
INSERT INTO dishes_ingredients VALUES(184,109);
INSERT INTO dishes_ingredients VALUES(184,107);
INSERT INTO dishes_ingredients VALUES(185,100);
INSERT INTO dishes_ingredients VALUES(185,17);
INSERT INTO dishes_ingredients VALUES(185,82);
INSERT INTO dishes_ingredients VALUES(185,58);
INSERT INTO dishes_ingredients VALUES(186,21);
INSERT INTO dishes_ingredients VALUES(186,25);
INSERT INTO dishes_ingredients VALUES(186,58);
INSERT INTO dishes_ingredients VALUES(186,79);
INSERT INTO dishes_ingredients VALUES(187,87);
INSERT INTO dishes_ingredients VALUES(187,58);
INSERT INTO dishes_ingredients VALUES(187,9);
INSERT INTO dishes_ingredients VALUES(187,44);
INSERT INTO dishes_ingredients VALUES(188,87);
INSERT INTO dishes_ingredients VALUES(188,56);
INSERT INTO dishes_ingredients VALUES(188,79);
INSERT INTO dishes_ingredients VALUES(189,22);
INSERT INTO dishes_ingredients VALUES(189,12);
INSERT INTO dishes_ingredients VALUES(189,63);
INSERT INTO dishes_ingredients VALUES(190,47);
INSERT INTO dishes_ingredients VALUES(190,12);
INSERT INTO dishes_ingredients VALUES(190,48);
INSERT INTO dishes_ingredients VALUES(190,64);
INSERT INTO dishes_ingredients VALUES(190,10);
INSERT INTO dishes_ingredients VALUES(190,9);
INSERT INTO dishes_ingredients VALUES(191,6);
INSERT INTO dishes_ingredients VALUES(191,78);
INSERT INTO dishes_ingredients VALUES(191,109);
INSERT INTO dishes_ingredients VALUES(191,107);
INSERT INTO dishes_ingredients VALUES(192,99);
INSERT INTO dishes_ingredients VALUES(192,96);
INSERT INTO dishes_ingredients VALUES(192,100);
INSERT INTO dishes_ingredients VALUES(192,50);
INSERT INTO dishes_ingredients VALUES(193,19);
INSERT INTO dishes_ingredients VALUES(193,9);
INSERT INTO dishes_ingredients VALUES(193,10);
INSERT INTO dishes_ingredients VALUES(193,58);
INSERT INTO dishes_ingredients VALUES(194,78);
INSERT INTO dishes_ingredients VALUES(194,107);
INSERT INTO dishes_ingredients VALUES(194,3);
INSERT INTO dishes_ingredients VALUES(195,21);
INSERT INTO dishes_ingredients VALUES(195,96);
INSERT INTO dishes_ingredients VALUES(195,99);
INSERT INTO dishes_ingredients VALUES(195,100);
INSERT INTO dishes_ingredients VALUES(195,10);
INSERT INTO dishes_ingredients VALUES(196,22);
INSERT INTO dishes_ingredients VALUES(196,100);
INSERT INTO dishes_ingredients VALUES(196,9);
INSERT INTO dishes_ingredients VALUES(196,8);
INSERT INTO dishes_ingredients VALUES(197,91);
INSERT INTO dishes_ingredients VALUES(197,96);
INSERT INTO dishes_ingredients VALUES(197,99);
INSERT INTO dishes_ingredients VALUES(197,100);
INSERT INTO dishes_ingredients VALUES(198,80);
INSERT INTO dishes_ingredients VALUES(198,28);
INSERT INTO dishes_ingredients VALUES(198,8);
INSERT INTO dishes_ingredients VALUES(199,96);
INSERT INTO dishes_ingredients VALUES(199,100);
INSERT INTO dishes_ingredients VALUES(199,9);
INSERT INTO dishes_ingredients VALUES(199,50);
INSERT INTO dishes_ingredients VALUES(200,22);
INSERT INTO dishes_ingredients VALUES(200,91);
INSERT INTO dishes_ingredients VALUES(200,96);
INSERT INTO dishes_ingredients VALUES(200,99);
INSERT INTO dishes_ingredients VALUES(200,10);
INSERT INTO dishes_ingredients VALUES(201,74);
INSERT INTO dishes_ingredients VALUES(201,9);
INSERT INTO dishes_ingredients VALUES(201,58);
INSERT INTO dishes_ingredients VALUES(201,62);
INSERT INTO dishes_ingredients VALUES(202,6);
INSERT INTO dishes_ingredients VALUES(202,78);
INSERT INTO dishes_ingredients VALUES(202,109);
INSERT INTO dishes_ingredients VALUES(202,107);
INSERT INTO dishes_ingredients VALUES(203,78);
INSERT INTO dishes_ingredients VALUES(203,106);
INSERT INTO dishes_ingredients VALUES(203,12);
INSERT INTO dishes_ingredients VALUES(204,91);
INSERT INTO dishes_ingredients VALUES(204,96);
INSERT INTO dishes_ingredients VALUES(204,99);
INSERT INTO dishes_ingredients VALUES(204,28);
INSERT INTO dishes_ingredients VALUES(205,22);
INSERT INTO dishes_ingredients VALUES(205,6);
INSERT INTO dishes_ingredients VALUES(205,10);
INSERT INTO dishes_ingredients VALUES(205,9);
INSERT INTO dishes_ingredients VALUES(206,16);
INSERT INTO dishes_ingredients VALUES(206,12);
INSERT INTO dishes_ingredients VALUES(206,48);
INSERT INTO dishes_ingredients VALUES(206,64);
INSERT INTO dishes_ingredients VALUES(207,87);
INSERT INTO dishes_ingredients VALUES(207,58);
INSERT INTO dishes_ingredients VALUES(207,49);
INSERT INTO dishes_ingredients VALUES(208,21);
INSERT INTO dishes_ingredients VALUES(208,25);
INSERT INTO dishes_ingredients VALUES(208,62);
INSERT INTO dishes_ingredients VALUES(209,6);
INSERT INTO dishes_ingredients VALUES(209,46);
INSERT INTO dishes_ingredients VALUES(209,79);
INSERT INTO dishes_ingredients VALUES(210,22);
INSERT INTO dishes_ingredients VALUES(210,17);
INSERT INTO dishes_ingredients VALUES(210,10);
INSERT INTO dishes_ingredients VALUES(210,82);
INSERT INTO dishes_ingredients VALUES(211,91);
INSERT INTO dishes_ingredients VALUES(211,28);
INSERT INTO dishes_ingredients VALUES(211,8);
INSERT INTO dishes_ingredients VALUES(211,79);
INSERT INTO dishes_ingredients VALUES(212,16);
INSERT INTO dishes_ingredients VALUES(212,9);
INSERT INTO dishes_ingredients VALUES(212,10);
INSERT INTO dishes_ingredients VALUES(212,58);
INSERT INTO dishes_ingredients VALUES(213,78);
INSERT INTO dishes_ingredients VALUES(213,12);
INSERT INTO dishes_ingredients VALUES(213,106);
INSERT INTO dishes_ingredients VALUES(214,6);
INSERT INTO dishes_ingredients VALUES(214,78);
INSERT INTO dishes_ingredients VALUES(214,109);
INSERT INTO dishes_ingredients VALUES(214,107);
INSERT INTO dishes_ingredients VALUES(215,22);
INSERT INTO dishes_ingredients VALUES(215,79);
INSERT INTO dishes_ingredients VALUES(215,26);
INSERT INTO dishes_ingredients VALUES(215,62);
INSERT INTO dishes_ingredients VALUES(216,21);
INSERT INTO dishes_ingredients VALUES(216,64);
INSERT INTO dishes_ingredients VALUES(216,25);
INSERT INTO dishes_ingredients VALUES(216,59);
INSERT INTO dishes_ingredients VALUES(217,22);
INSERT INTO dishes_ingredients VALUES(217,17);
INSERT INTO dishes_ingredients VALUES(217,10);
INSERT INTO dishes_ingredients VALUES(217,9);
INSERT INTO dishes_ingredients VALUES(218,16);
INSERT INTO dishes_ingredients VALUES(218,28);
INSERT INTO dishes_ingredients VALUES(218,58);
INSERT INTO dishes_ingredients VALUES(218,9);
INSERT INTO dishes_ingredients VALUES(219,99);
INSERT INTO dishes_ingredients VALUES(219,96);
INSERT INTO dishes_ingredients VALUES(219,100);
INSERT INTO dishes_ingredients VALUES(219,50);
INSERT INTO dishes_ingredients VALUES(220,66);
INSERT INTO dishes_ingredients VALUES(220,25);
INSERT INTO dishes_ingredients VALUES(220,9);
INSERT INTO dishes_ingredients VALUES(221,87);
INSERT INTO dishes_ingredients VALUES(221,49);
INSERT INTO dishes_ingredients VALUES(221,58);
INSERT INTO dishes_ingredients VALUES(221,62);
INSERT INTO dishes_ingredients VALUES(222,74);
INSERT INTO dishes_ingredients VALUES(222,9);
INSERT INTO dishes_ingredients VALUES(222,58);
INSERT INTO dishes_ingredients VALUES(222,62);
INSERT INTO dishes_ingredients VALUES(223,6);
INSERT INTO dishes_ingredients VALUES(223,78);
INSERT INTO dishes_ingredients VALUES(223,109);
INSERT INTO dishes_ingredients VALUES(223,107);
INSERT INTO dishes_ingredients VALUES(224,12);
INSERT INTO dishes_ingredients VALUES(224,78);
INSERT INTO dishes_ingredients VALUES(224,3);
INSERT INTO dishes_ingredients VALUES(225,96);
INSERT INTO dishes_ingredients VALUES(225,100);
INSERT INTO dishes_ingredients VALUES(225,99);
INSERT INTO dishes_ingredients VALUES(225,9);
INSERT INTO dishes_ingredients VALUES(226,21);
INSERT INTO dishes_ingredients VALUES(226,58);
INSERT INTO dishes_ingredients VALUES(226,62);
INSERT INTO dishes_ingredients VALUES(226,60);
INSERT INTO dishes_ingredients VALUES(227,87);
INSERT INTO dishes_ingredients VALUES(227,58);
INSERT INTO dishes_ingredients VALUES(227,79);
INSERT INTO dishes_ingredients VALUES(228,22);
INSERT INTO dishes_ingredients VALUES(228,79);
INSERT INTO dishes_ingredients VALUES(228,26);
INSERT INTO dishes_ingredients VALUES(228,12);
INSERT INTO dishes_ingredients VALUES(229,91);
INSERT INTO dishes_ingredients VALUES(229,96);
INSERT INTO dishes_ingredients VALUES(229,99);
INSERT INTO dishes_ingredients VALUES(229,28);
INSERT INTO dishes_ingredients VALUES(230,19);
INSERT INTO dishes_ingredients VALUES(230,9);
INSERT INTO dishes_ingredients VALUES(230,10);
INSERT INTO dishes_ingredients VALUES(230,58);
INSERT INTO dishes_ingredients VALUES(231,16);
INSERT INTO dishes_ingredients VALUES(231,12);
INSERT INTO dishes_ingredients VALUES(231,48);
INSERT INTO dishes_ingredients VALUES(231,64);
INSERT INTO dishes_ingredients VALUES(232,6);
INSERT INTO dishes_ingredients VALUES(232,78);
INSERT INTO dishes_ingredients VALUES(232,109);
INSERT INTO dishes_ingredients VALUES(232,107);
INSERT INTO dishes_ingredients VALUES(233,78);
INSERT INTO dishes_ingredients VALUES(233,12);
INSERT INTO dishes_ingredients VALUES(233,106);
INSERT INTO dishes_ingredients VALUES(234,6);
INSERT INTO dishes_ingredients VALUES(234,38);
INSERT INTO dishes_ingredients VALUES(234,79);
INSERT INTO dishes_ingredients VALUES(235,21);
INSERT INTO dishes_ingredients VALUES(235,25);
INSERT INTO dishes_ingredients VALUES(235,79);
INSERT INTO dishes_ingredients VALUES(235,62);
INSERT INTO dishes_ingredients VALUES(236,22);
INSERT INTO dishes_ingredients VALUES(236,17);
INSERT INTO dishes_ingredients VALUES(236,10);
INSERT INTO dishes_ingredients VALUES(236,9);
INSERT INTO dishes_ingredients VALUES(237,16);
INSERT INTO dishes_ingredients VALUES(237,12);
INSERT INTO dishes_ingredients VALUES(237,48);
INSERT INTO dishes_ingredients VALUES(237,64);
INSERT INTO dishes_ingredients VALUES(238,96);
INSERT INTO dishes_ingredients VALUES(238,8);
INSERT INTO dishes_ingredients VALUES(238,79);
INSERT INTO dishes_ingredients VALUES(239,6);
INSERT INTO dishes_ingredients VALUES(239,46);
INSERT INTO dishes_ingredients VALUES(239,79);
INSERT INTO dishes_ingredients VALUES(240,87);
INSERT INTO dishes_ingredients VALUES(240,49);
INSERT INTO dishes_ingredients VALUES(240,58);
INSERT INTO dishes_ingredients VALUES(240,62);
INSERT INTO dishes_ingredients VALUES(241,22);
INSERT INTO dishes_ingredients VALUES(241,88);
INSERT INTO dishes_ingredients VALUES(241,82);
INSERT INTO dishes_ingredients VALUES(241,6);
INSERT INTO dishes_ingredients VALUES(242,21);
INSERT INTO dishes_ingredients VALUES(242,28);
INSERT INTO dishes_ingredients VALUES(242,62);
INSERT INTO dishes_ingredients VALUES(243,6);
INSERT INTO dishes_ingredients VALUES(243,78);
INSERT INTO dishes_ingredients VALUES(243,109);
INSERT INTO dishes_ingredients VALUES(243,107);
INSERT INTO dishes_ingredients VALUES(244,78);
INSERT INTO dishes_ingredients VALUES(244,107);
INSERT INTO dishes_ingredients VALUES(244,3);
INSERT INTO dishes_ingredients VALUES(245,21);
INSERT INTO dishes_ingredients VALUES(245,96);
INSERT INTO dishes_ingredients VALUES(245,99);
INSERT INTO dishes_ingredients VALUES(245,100);
INSERT INTO dishes_ingredients VALUES(245,10);
INSERT INTO dishes_ingredients VALUES(246,22);
INSERT INTO dishes_ingredients VALUES(246,100);
INSERT INTO dishes_ingredients VALUES(246,9);
INSERT INTO dishes_ingredients VALUES(246,8);
INSERT INTO dishes_ingredients VALUES(247,16);
INSERT INTO dishes_ingredients VALUES(247,28);
INSERT INTO dishes_ingredients VALUES(247,9);
INSERT INTO dishes_ingredients VALUES(247,58);
INSERT INTO dishes_ingredients VALUES(248,22);
INSERT INTO dishes_ingredients VALUES(248,17);
INSERT INTO dishes_ingredients VALUES(248,10);
INSERT INTO dishes_ingredients VALUES(248,9);
INSERT INTO dishes_ingredients VALUES(249,10);
INSERT INTO dishes_ingredients VALUES(249,9);
INSERT INTO dishes_ingredients VALUES(249,58);
INSERT INTO dishes_ingredients VALUES(250,22);
INSERT INTO dishes_ingredients VALUES(250,79);
INSERT INTO dishes_ingredients VALUES(250,26);
INSERT INTO dishes_ingredients VALUES(250,12);
INSERT INTO dishes_ingredients VALUES(251,87);
INSERT INTO dishes_ingredients VALUES(251,49);
INSERT INTO dishes_ingredients VALUES(251,58);
INSERT INTO dishes_ingredients VALUES(251,62);
INSERT INTO dishes_ingredients VALUES(252,99);
INSERT INTO dishes_ingredients VALUES(252,96);
INSERT INTO dishes_ingredients VALUES(252,100);
INSERT INTO dishes_ingredients VALUES(252,9);
INSERT INTO dishes_ingredients VALUES(253,6);
INSERT INTO dishes_ingredients VALUES(253,78);
INSERT INTO dishes_ingredients VALUES(253,109);
INSERT INTO dishes_ingredients VALUES(253,107);
INSERT INTO dishes_ingredients VALUES(254,78);
INSERT INTO dishes_ingredients VALUES(254,12);
INSERT INTO dishes_ingredients VALUES(254,106);
INSERT INTO dishes_ingredients VALUES(255,96);
INSERT INTO dishes_ingredients VALUES(255,100);
INSERT INTO dishes_ingredients VALUES(255,99);
INSERT INTO dishes_ingredients VALUES(255,9);
INSERT INTO dishes_ingredients VALUES(256,21);
INSERT INTO dishes_ingredients VALUES(256,98);
INSERT INTO dishes_ingredients VALUES(256,60);
INSERT INTO dishes_ingredients VALUES(257,87);
INSERT INTO dishes_ingredients VALUES(257,58);
INSERT INTO dishes_ingredients VALUES(257,79);
INSERT INTO dishes_ingredients VALUES(258,22);
INSERT INTO dishes_ingredients VALUES(258,100);
INSERT INTO dishes_ingredients VALUES(258,9);
INSERT INTO dishes_ingredients VALUES(258,8);
INSERT INTO dishes_ingredients VALUES(259,16);
INSERT INTO dishes_ingredients VALUES(259,12);
INSERT INTO dishes_ingredients VALUES(259,48);
INSERT INTO dishes_ingredients VALUES(259,64);
INSERT INTO dishes_ingredients VALUES(260,22);
INSERT INTO dishes_ingredients VALUES(260,17);
INSERT INTO dishes_ingredients VALUES(260,10);
INSERT INTO dishes_ingredients VALUES(260,9);
INSERT INTO dishes_ingredients VALUES(261,19);
INSERT INTO dishes_ingredients VALUES(261,9);
INSERT INTO dishes_ingredients VALUES(261,10);
INSERT INTO dishes_ingredients VALUES(261,58);
INSERT INTO dishes_ingredients VALUES(262,21);
INSERT INTO dishes_ingredients VALUES(262,25);
INSERT INTO dishes_ingredients VALUES(262,79);
INSERT INTO dishes_ingredients VALUES(262,62);
INSERT INTO dishes_ingredients VALUES(263,6);
INSERT INTO dishes_ingredients VALUES(263,78);
INSERT INTO dishes_ingredients VALUES(263,109);
INSERT INTO dishes_ingredients VALUES(263,107);
INSERT INTO dishes_ingredients VALUES(264,78);
INSERT INTO dishes_ingredients VALUES(264,12);
INSERT INTO dishes_ingredients VALUES(264,106);
INSERT INTO dishes_ingredients VALUES(265,21);
INSERT INTO dishes_ingredients VALUES(265,60);
INSERT INTO dishes_ingredients VALUES(265,62);
INSERT INTO dishes_ingredients VALUES(266,22);
INSERT INTO dishes_ingredients VALUES(266,17);
INSERT INTO dishes_ingredients VALUES(266,87);
INSERT INTO dishes_ingredients VALUES(266,10);
INSERT INTO dishes_ingredients VALUES(267,87);
INSERT INTO dishes_ingredients VALUES(267,49);
INSERT INTO dishes_ingredients VALUES(267,58);
INSERT INTO dishes_ingredients VALUES(267,62);
INSERT INTO dishes_ingredients VALUES(268,87);
INSERT INTO dishes_ingredients VALUES(268,62);
INSERT INTO dishes_ingredients VALUES(268,49);
INSERT INTO dishes_ingredients VALUES(269,66);
INSERT INTO dishes_ingredients VALUES(269,25);
INSERT INTO dishes_ingredients VALUES(269,9);
INSERT INTO dishes_ingredients VALUES(270,22);
INSERT INTO dishes_ingredients VALUES(270,79);
INSERT INTO dishes_ingredients VALUES(270,26);
INSERT INTO dishes_ingredients VALUES(270,12);
INSERT INTO dishes_ingredients VALUES(271,6);
INSERT INTO dishes_ingredients VALUES(271,78);
INSERT INTO dishes_ingredients VALUES(271,109);
INSERT INTO dishes_ingredients VALUES(271,107);
INSERT INTO dishes_ingredients VALUES(272,96);
INSERT INTO dishes_ingredients VALUES(272,99);
INSERT INTO dishes_ingredients VALUES(272,91);
INSERT INTO dishes_ingredients VALUES(272,28);
INSERT INTO dishes_ingredients VALUES(272,8);
INSERT INTO dishes_ingredients VALUES(273,12);
INSERT INTO dishes_ingredients VALUES(273,10);
INSERT INTO dishes_ingredients VALUES(273,9);
INSERT INTO dishes_ingredients VALUES(273,26);
INSERT INTO dishes_ingredients VALUES(274,21);
INSERT INTO dishes_ingredients VALUES(274,28);
INSERT INTO dishes_ingredients VALUES(274,58);
INSERT INTO dishes_ingredients VALUES(274,9);
INSERT INTO dishes_ingredients VALUES(275,21);
INSERT INTO dishes_ingredients VALUES(275,25);
INSERT INTO dishes_ingredients VALUES(275,59);
INSERT INTO dishes_ingredients VALUES(275,79);
INSERT INTO dishes_ingredients VALUES(276,22);
INSERT INTO dishes_ingredients VALUES(276,82);
INSERT INTO dishes_ingredients VALUES(276,46);
INSERT INTO dishes_ingredients VALUES(276,79);
INSERT INTO dishes_ingredients VALUES(277,87);
INSERT INTO dishes_ingredients VALUES(277,84);
INSERT INTO dishes_ingredients VALUES(277,58);
INSERT INTO dishes_ingredients VALUES(277,79);
INSERT INTO dishes_ingredients VALUES(278,96);
INSERT INTO dishes_ingredients VALUES(278,9);
INSERT INTO dishes_ingredients VALUES(278,50);
INSERT INTO dishes_ingredients VALUES(278,103);
INSERT INTO dishes_ingredients VALUES(279,16);
INSERT INTO dishes_ingredients VALUES(279,9);
INSERT INTO dishes_ingredients VALUES(279,58);
INSERT INTO dishes_ingredients VALUES(279,28);
INSERT INTO dishes_ingredients VALUES(280,22);
INSERT INTO dishes_ingredients VALUES(280,17);
INSERT INTO dishes_ingredients VALUES(280,10);
INSERT INTO dishes_ingredients VALUES(280,3);
INSERT INTO dishes_ingredients VALUES(281,87);
INSERT INTO dishes_ingredients VALUES(281,79);
INSERT INTO dishes_ingredients VALUES(281,81);
INSERT INTO dishes_ingredients VALUES(282,30);
INSERT INTO dishes_ingredients VALUES(282,10);
INSERT INTO dishes_ingredients VALUES(282,9);
INSERT INTO dishes_ingredients VALUES(282,58);
INSERT INTO dishes_ingredients VALUES(283,6);
INSERT INTO dishes_ingredients VALUES(283,78);
INSERT INTO dishes_ingredients VALUES(283,109);
INSERT INTO dishes_ingredients VALUES(283,107);
INSERT INTO dishes_ingredients VALUES(284,3);
INSERT INTO dishes_ingredients VALUES(284,78);
INSERT INTO dishes_ingredients VALUES(284,63);
INSERT INTO dishes_ingredients VALUES(285,21);
INSERT INTO dishes_ingredients VALUES(285,64);
INSERT INTO dishes_ingredients VALUES(285,59);
INSERT INTO dishes_ingredients VALUES(285,28);
INSERT INTO dishes_ingredients VALUES(286,22);
INSERT INTO dishes_ingredients VALUES(286,87);
INSERT INTO dishes_ingredients VALUES(286,10);
INSERT INTO dishes_ingredients VALUES(286,9);
INSERT INTO dishes_ingredients VALUES(287,16);
INSERT INTO dishes_ingredients VALUES(287,10);
INSERT INTO dishes_ingredients VALUES(287,9);
INSERT INTO dishes_ingredients VALUES(287,64);
INSERT INTO dishes_ingredients VALUES(288,22);
INSERT INTO dishes_ingredients VALUES(288,79);
INSERT INTO dishes_ingredients VALUES(288,46);
INSERT INTO dishes_ingredients VALUES(288,12);
INSERT INTO dishes_ingredients VALUES(289,96);
INSERT INTO dishes_ingredients VALUES(289,99);
INSERT INTO dishes_ingredients VALUES(289,100);
INSERT INTO dishes_ingredients VALUES(289,50);
INSERT INTO dishes_ingredients VALUES(290,21);
INSERT INTO dishes_ingredients VALUES(290,25);
INSERT INTO dishes_ingredients VALUES(290,58);
INSERT INTO dishes_ingredients VALUES(290,79);
INSERT INTO dishes_ingredients VALUES(291,87);
INSERT INTO dishes_ingredients VALUES(291,84);
INSERT INTO dishes_ingredients VALUES(291,58);
INSERT INTO dishes_ingredients VALUES(291,79);
INSERT INTO dishes_ingredients VALUES(292,6);
INSERT INTO dishes_ingredients VALUES(292,78);
INSERT INTO dishes_ingredients VALUES(292,109);
INSERT INTO dishes_ingredients VALUES(292,107);
INSERT INTO dishes_ingredients VALUES(293,30);
INSERT INTO dishes_ingredients VALUES(293,10);
INSERT INTO dishes_ingredients VALUES(293,9);
INSERT INTO dishes_ingredients VALUES(293,58);
INSERT INTO dishes_ingredients VALUES(294,3);
INSERT INTO dishes_ingredients VALUES(294,78);
INSERT INTO dishes_ingredients VALUES(294,107);
INSERT INTO dishes_ingredients VALUES(295,21);
INSERT INTO dishes_ingredients VALUES(295,96);
INSERT INTO dishes_ingredients VALUES(295,99);
INSERT INTO dishes_ingredients VALUES(295,100);
INSERT INTO dishes_ingredients VALUES(295,9);
INSERT INTO dishes_ingredients VALUES(296,91);
INSERT INTO dishes_ingredients VALUES(296,99);
INSERT INTO dishes_ingredients VALUES(296,100);
INSERT INTO dishes_ingredients VALUES(296,9);
INSERT INTO dishes_ingredients VALUES(297,22);
INSERT INTO dishes_ingredients VALUES(297,100);
INSERT INTO dishes_ingredients VALUES(297,9);
INSERT INTO dishes_ingredients VALUES(297,8);
INSERT INTO dishes_ingredients VALUES(298,98);
INSERT INTO dishes_ingredients VALUES(298,28);
INSERT INTO dishes_ingredients VALUES(298,8);
INSERT INTO dishes_ingredients VALUES(299,96);
INSERT INTO dishes_ingredients VALUES(299,99);
INSERT INTO dishes_ingredients VALUES(299,100);
INSERT INTO dishes_ingredients VALUES(299,12);
INSERT INTO dishes_ingredients VALUES(300,96);
INSERT INTO dishes_ingredients VALUES(300,99);
INSERT INTO dishes_ingredients VALUES(300,91);
INSERT INTO dishes_ingredients VALUES(300,28);
INSERT INTO dishes_ingredients VALUES(301,21);
INSERT INTO dishes_ingredients VALUES(301,98);
INSERT INTO dishes_ingredients VALUES(301,50);
INSERT INTO dishes_ingredients VALUES(302,6);
INSERT INTO dishes_ingredients VALUES(302,78);
INSERT INTO dishes_ingredients VALUES(302,109);
INSERT INTO dishes_ingredients VALUES(302,107);
INSERT INTO dishes_ingredients VALUES(303,96);
INSERT INTO dishes_ingredients VALUES(303,99);
INSERT INTO dishes_ingredients VALUES(303,100);
INSERT INTO dishes_ingredients VALUES(303,50);
INSERT INTO dishes_ingredients VALUES(304,78);
INSERT INTO dishes_ingredients VALUES(304,63);
INSERT INTO dishes_ingredients VALUES(304,21);
INSERT INTO dishes_ingredients VALUES(305,21);
INSERT INTO dishes_ingredients VALUES(305,28);
INSERT INTO dishes_ingredients VALUES(305,58);
INSERT INTO dishes_ingredients VALUES(305,9);
INSERT INTO dishes_ingredients VALUES(306,22);
INSERT INTO dishes_ingredients VALUES(306,17);
INSERT INTO dishes_ingredients VALUES(306,10);
INSERT INTO dishes_ingredients VALUES(306,3);
INSERT INTO dishes_ingredients VALUES(307,87);
INSERT INTO dishes_ingredients VALUES(307,58);
INSERT INTO dishes_ingredients VALUES(307,79);
INSERT INTO dishes_ingredients VALUES(307,80);
INSERT INTO dishes_ingredients VALUES(308,22);
INSERT INTO dishes_ingredients VALUES(308,79);
INSERT INTO dishes_ingredients VALUES(308,46);
INSERT INTO dishes_ingredients VALUES(308,12);
INSERT INTO dishes_ingredients VALUES(309,30);
INSERT INTO dishes_ingredients VALUES(309,10);
INSERT INTO dishes_ingredients VALUES(309,9);
INSERT INTO dishes_ingredients VALUES(309,58);
INSERT INTO dishes_ingredients VALUES(310,16);
INSERT INTO dishes_ingredients VALUES(310,10);
INSERT INTO dishes_ingredients VALUES(310,9);
INSERT INTO dishes_ingredients VALUES(310,64);
INSERT INTO dishes_ingredients VALUES(311,21);
INSERT INTO dishes_ingredients VALUES(311,25);
INSERT INTO dishes_ingredients VALUES(311,58);
INSERT INTO dishes_ingredients VALUES(311,79);
INSERT INTO dishes_ingredients VALUES(312,6);
INSERT INTO dishes_ingredients VALUES(312,78);
INSERT INTO dishes_ingredients VALUES(312,109);
INSERT INTO dishes_ingredients VALUES(312,107);
INSERT INTO dishes_ingredients VALUES(313,78);
INSERT INTO dishes_ingredients VALUES(313,63);
INSERT INTO dishes_ingredients VALUES(313,21);
INSERT INTO dishes_ingredients VALUES(314,87);
INSERT INTO dishes_ingredients VALUES(314,84);
INSERT INTO dishes_ingredients VALUES(314,58);
INSERT INTO dishes_ingredients VALUES(314,79);
INSERT INTO dishes_ingredients VALUES(315,21);
INSERT INTO dishes_ingredients VALUES(315,25);
INSERT INTO dishes_ingredients VALUES(315,59);
INSERT INTO dishes_ingredients VALUES(315,79);
INSERT INTO dishes_ingredients VALUES(316,22);
INSERT INTO dishes_ingredients VALUES(316,87);
INSERT INTO dishes_ingredients VALUES(316,10);
INSERT INTO dishes_ingredients VALUES(316,9);
INSERT INTO dishes_ingredients VALUES(317,87);
INSERT INTO dishes_ingredients VALUES(317,58);
INSERT INTO dishes_ingredients VALUES(317,79);
INSERT INTO dishes_ingredients VALUES(317,80);
INSERT INTO dishes_ingredients VALUES(318,96);
INSERT INTO dishes_ingredients VALUES(318,9);
INSERT INTO dishes_ingredients VALUES(318,50);
INSERT INTO dishes_ingredients VALUES(318,103);
INSERT INTO dishes_ingredients VALUES(319,16);
INSERT INTO dishes_ingredients VALUES(319,9);
INSERT INTO dishes_ingredients VALUES(319,58);
INSERT INTO dishes_ingredients VALUES(319,28);
INSERT INTO dishes_ingredients VALUES(320,22);
INSERT INTO dishes_ingredients VALUES(320,17);
INSERT INTO dishes_ingredients VALUES(320,10);
INSERT INTO dishes_ingredients VALUES(320,3);
INSERT INTO dishes_ingredients VALUES(321,30);
INSERT INTO dishes_ingredients VALUES(321,10);
INSERT INTO dishes_ingredients VALUES(321,9);
INSERT INTO dishes_ingredients VALUES(321,58);
INSERT INTO dishes_ingredients VALUES(322,21);
INSERT INTO dishes_ingredients VALUES(322,98);
INSERT INTO dishes_ingredients VALUES(322,50);
INSERT INTO dishes_ingredients VALUES(323,6);
INSERT INTO dishes_ingredients VALUES(323,78);
INSERT INTO dishes_ingredients VALUES(323,109);
INSERT INTO dishes_ingredients VALUES(323,107);
INSERT INTO dishes_ingredients VALUES(324,3);
INSERT INTO dishes_ingredients VALUES(324,78);
INSERT INTO dishes_ingredients VALUES(324,63);
INSERT INTO dishes_ingredients VALUES(325,74);
INSERT INTO dishes_ingredients VALUES(325,8);
INSERT INTO dishes_ingredients VALUES(325,22);
INSERT INTO dishes_ingredients VALUES(326,55);
INSERT INTO dishes_ingredients VALUES(326,25);
INSERT INTO dishes_ingredients VALUES(326,9);
INSERT INTO dishes_ingredients VALUES(327,87);
INSERT INTO dishes_ingredients VALUES(327,84);
INSERT INTO dishes_ingredients VALUES(327,58);
INSERT INTO dishes_ingredients VALUES(327,79);
INSERT INTO dishes_ingredients VALUES(328,21);
INSERT INTO dishes_ingredients VALUES(328,25);
INSERT INTO dishes_ingredients VALUES(328,58);
INSERT INTO dishes_ingredients VALUES(328,79);
INSERT INTO dishes_ingredients VALUES(329,87);
INSERT INTO dishes_ingredients VALUES(329,10);
INSERT INTO dishes_ingredients VALUES(329,58);
INSERT INTO dishes_ingredients VALUES(329,9);
INSERT INTO dishes_ingredients VALUES(330,10);
INSERT INTO dishes_ingredients VALUES(330,21);
INSERT INTO dishes_ingredients VALUES(330,99);
INSERT INTO dishes_ingredients VALUES(330,9);
INSERT INTO dishes_ingredients VALUES(331,63);
INSERT INTO dishes_ingredients VALUES(331,3);
INSERT INTO dishes_ingredients VALUES(331,21);
INSERT INTO dishes_ingredients VALUES(331,9);
INSERT INTO dishes_ingredients VALUES(332,21);
INSERT INTO dishes_ingredients VALUES(332,67);
INSERT INTO dishes_ingredients VALUES(332,25);
INSERT INTO dishes_ingredients VALUES(332,58);
INSERT INTO dishes_ingredients VALUES(333,22);
INSERT INTO dishes_ingredients VALUES(333,25);
INSERT INTO dishes_ingredients VALUES(333,9);
INSERT INTO dishes_ingredients VALUES(334,96);
INSERT INTO dishes_ingredients VALUES(334,99);
INSERT INTO dishes_ingredients VALUES(334,100);
INSERT INTO dishes_ingredients VALUES(334,103);
INSERT INTO dishes_ingredients VALUES(335,21);
INSERT INTO dishes_ingredients VALUES(335,96);
INSERT INTO dishes_ingredients VALUES(335,100);
INSERT INTO dishes_ingredients VALUES(335,99);
INSERT INTO dishes_ingredients VALUES(336,22);
INSERT INTO dishes_ingredients VALUES(336,100);
INSERT INTO dishes_ingredients VALUES(336,9);
INSERT INTO dishes_ingredients VALUES(336,28);
INSERT INTO dishes_ingredients VALUES(337,16);
INSERT INTO dishes_ingredients VALUES(337,10);
INSERT INTO dishes_ingredients VALUES(337,9);
INSERT INTO dishes_ingredients VALUES(337,64);
INSERT INTO dishes_ingredients VALUES(338,22);
INSERT INTO dishes_ingredients VALUES(338,17);
INSERT INTO dishes_ingredients VALUES(338,10);
INSERT INTO dishes_ingredients VALUES(338,3);
INSERT INTO dishes_ingredients VALUES(339,87);
INSERT INTO dishes_ingredients VALUES(339,84);
INSERT INTO dishes_ingredients VALUES(339,58);
INSERT INTO dishes_ingredients VALUES(339,79);
INSERT INTO dishes_ingredients VALUES(340,30);
INSERT INTO dishes_ingredients VALUES(340,10);
INSERT INTO dishes_ingredients VALUES(340,9);
INSERT INTO dishes_ingredients VALUES(340,58);
INSERT INTO dishes_ingredients VALUES(341,22);
INSERT INTO dishes_ingredients VALUES(341,79);
INSERT INTO dishes_ingredients VALUES(341,46);
INSERT INTO dishes_ingredients VALUES(341,12);
INSERT INTO dishes_ingredients VALUES(342,6);
INSERT INTO dishes_ingredients VALUES(342,78);
INSERT INTO dishes_ingredients VALUES(342,109);
INSERT INTO dishes_ingredients VALUES(342,107);
INSERT INTO dishes_ingredients VALUES(343,78);
INSERT INTO dishes_ingredients VALUES(343,63);
INSERT INTO dishes_ingredients VALUES(343,21);
INSERT INTO dishes_ingredients VALUES(344,21);
INSERT INTO dishes_ingredients VALUES(344,25);
INSERT INTO dishes_ingredients VALUES(344,58);
INSERT INTO dishes_ingredients VALUES(344,79);
INSERT INTO dishes_ingredients VALUES(345,21);
INSERT INTO dishes_ingredients VALUES(345,25);
INSERT INTO dishes_ingredients VALUES(345,59);
INSERT INTO dishes_ingredients VALUES(345,9);
INSERT INTO dishes_ingredients VALUES(346,87);
INSERT INTO dishes_ingredients VALUES(346,79);
INSERT INTO dishes_ingredients VALUES(346,58);
INSERT INTO dishes_ingredients VALUES(346,80);
INSERT INTO dishes_ingredients VALUES(347,22);
INSERT INTO dishes_ingredients VALUES(347,17);
INSERT INTO dishes_ingredients VALUES(347,10);
INSERT INTO dishes_ingredients VALUES(347,3);
INSERT INTO dishes_ingredients VALUES(348,16);
INSERT INTO dishes_ingredients VALUES(348,10);
INSERT INTO dishes_ingredients VALUES(348,9);
INSERT INTO dishes_ingredients VALUES(348,58);
INSERT INTO dishes_ingredients VALUES(349,55);
INSERT INTO dishes_ingredients VALUES(349,25);
INSERT INTO dishes_ingredients VALUES(349,9);
INSERT INTO dishes_ingredients VALUES(350,21);
INSERT INTO dishes_ingredients VALUES(350,25);
INSERT INTO dishes_ingredients VALUES(350,59);
INSERT INTO dishes_ingredients VALUES(350,79);
INSERT INTO dishes_ingredients VALUES(351,87);
INSERT INTO dishes_ingredients VALUES(351,84);
INSERT INTO dishes_ingredients VALUES(351,58);
INSERT INTO dishes_ingredients VALUES(351,79);
INSERT INTO dishes_ingredients VALUES(352,6);
INSERT INTO dishes_ingredients VALUES(352,78);
INSERT INTO dishes_ingredients VALUES(352,109);
INSERT INTO dishes_ingredients VALUES(352,107);
INSERT INTO dishes_ingredients VALUES(353,96);
INSERT INTO dishes_ingredients VALUES(353,99);
INSERT INTO dishes_ingredients VALUES(353,100);
INSERT INTO dishes_ingredients VALUES(353,103);
INSERT INTO dishes_ingredients VALUES(354,12);
INSERT INTO dishes_ingredients VALUES(354,10);
INSERT INTO dishes_ingredients VALUES(354,9);
INSERT INTO dishes_ingredients VALUES(354,58);
INSERT INTO dishes_ingredients VALUES(355,87);
INSERT INTO dishes_ingredients VALUES(355,58);
INSERT INTO dishes_ingredients VALUES(355,79);
INSERT INTO dishes_ingredients VALUES(355,80);
INSERT INTO dishes_ingredients VALUES(356,21);
INSERT INTO dishes_ingredients VALUES(356,25);
INSERT INTO dishes_ingredients VALUES(356,63);
INSERT INTO dishes_ingredients VALUES(356,10);
INSERT INTO dishes_ingredients VALUES(357,3);
INSERT INTO dishes_ingredients VALUES(357,17);
INSERT INTO dishes_ingredients VALUES(357,6);
INSERT INTO dishes_ingredients VALUES(357,79);
INSERT INTO dishes_ingredients VALUES(358,96);
INSERT INTO dishes_ingredients VALUES(358,8);
INSERT INTO dishes_ingredients VALUES(358,28);
INSERT INTO dishes_ingredients VALUES(358,50);
INSERT INTO dishes_ingredients VALUES(359,87);
INSERT INTO dishes_ingredients VALUES(359,79);
INSERT INTO dishes_ingredients VALUES(359,58);
INSERT INTO dishes_ingredients VALUES(359,81);
INSERT INTO dishes_ingredients VALUES(360,16);
INSERT INTO dishes_ingredients VALUES(360,10);
INSERT INTO dishes_ingredients VALUES(360,49);
INSERT INTO dishes_ingredients VALUES(360,64);
INSERT INTO dishes_ingredients VALUES(361,18);
INSERT INTO dishes_ingredients VALUES(361,9);
INSERT INTO dishes_ingredients VALUES(361,10);
INSERT INTO dishes_ingredients VALUES(361,58);
INSERT INTO dishes_ingredients VALUES(362,21);
INSERT INTO dishes_ingredients VALUES(362,64);
INSERT INTO dishes_ingredients VALUES(362,25);
INSERT INTO dishes_ingredients VALUES(362,59);
INSERT INTO dishes_ingredients VALUES(363,6);
INSERT INTO dishes_ingredients VALUES(363,78);
INSERT INTO dishes_ingredients VALUES(363,109);
INSERT INTO dishes_ingredients VALUES(363,107);
INSERT INTO dishes_ingredients VALUES(364,78);
INSERT INTO dishes_ingredients VALUES(364,28);
INSERT INTO dishes_ingredients VALUES(364,12);
INSERT INTO dishes_ingredients VALUES(365,3);
INSERT INTO dishes_ingredients VALUES(365,17);
INSERT INTO dishes_ingredients VALUES(365,6);
INSERT INTO dishes_ingredients VALUES(365,79);
INSERT INTO dishes_ingredients VALUES(366,22);
INSERT INTO dishes_ingredients VALUES(366,87);
INSERT INTO dishes_ingredients VALUES(366,10);
INSERT INTO dishes_ingredients VALUES(366,9);
INSERT INTO dishes_ingredients VALUES(367,16);
INSERT INTO dishes_ingredients VALUES(367,10);
INSERT INTO dishes_ingredients VALUES(367,49);
INSERT INTO dishes_ingredients VALUES(367,64);
INSERT INTO dishes_ingredients VALUES(368,21);
INSERT INTO dishes_ingredients VALUES(368,25);
INSERT INTO dishes_ingredients VALUES(368,28);
INSERT INTO dishes_ingredients VALUES(368,58);
INSERT INTO dishes_ingredients VALUES(369,96);
INSERT INTO dishes_ingredients VALUES(369,91);
INSERT INTO dishes_ingredients VALUES(369,99);
INSERT INTO dishes_ingredients VALUES(369,28);
INSERT INTO dishes_ingredients VALUES(370,87);
INSERT INTO dishes_ingredients VALUES(370,58);
INSERT INTO dishes_ingredients VALUES(370,84);
INSERT INTO dishes_ingredients VALUES(370,3);
INSERT INTO dishes_ingredients VALUES(371,6);
INSERT INTO dishes_ingredients VALUES(371,78);
INSERT INTO dishes_ingredients VALUES(371,109);
INSERT INTO dishes_ingredients VALUES(371,107);
INSERT INTO dishes_ingredients VALUES(372,18);
INSERT INTO dishes_ingredients VALUES(372,9);
INSERT INTO dishes_ingredients VALUES(372,10);
INSERT INTO dishes_ingredients VALUES(372,58);
INSERT INTO dishes_ingredients VALUES(373,21);
INSERT INTO dishes_ingredients VALUES(373,28);
INSERT INTO dishes_ingredients VALUES(373,58);
INSERT INTO dishes_ingredients VALUES(373,10);
INSERT INTO dishes_ingredients VALUES(374,78);
INSERT INTO dishes_ingredients VALUES(374,107);
INSERT INTO dishes_ingredients VALUES(374,59);
INSERT INTO dishes_ingredients VALUES(375,22);
INSERT INTO dishes_ingredients VALUES(375,12);
INSERT INTO dishes_ingredients VALUES(375,81);
INSERT INTO dishes_ingredients VALUES(375,8);
INSERT INTO dishes_ingredients VALUES(376,22);
INSERT INTO dishes_ingredients VALUES(376,12);
INSERT INTO dishes_ingredients VALUES(376,81);
INSERT INTO dishes_ingredients VALUES(376,49);
INSERT INTO dishes_ingredients VALUES(377,22);
INSERT INTO dishes_ingredients VALUES(377,12);
INSERT INTO dishes_ingredients VALUES(377,81);
INSERT INTO dishes_ingredients VALUES(377,49);
INSERT INTO dishes_ingredients VALUES(378,22);
INSERT INTO dishes_ingredients VALUES(378,12);
INSERT INTO dishes_ingredients VALUES(378,81);
INSERT INTO dishes_ingredients VALUES(378,50);
INSERT INTO dishes_ingredients VALUES(379,21);
INSERT INTO dishes_ingredients VALUES(379,96);
INSERT INTO dishes_ingredients VALUES(379,100);
INSERT INTO dishes_ingredients VALUES(379,91);
INSERT INTO dishes_ingredients VALUES(380,96);
INSERT INTO dishes_ingredients VALUES(380,8);
INSERT INTO dishes_ingredients VALUES(380,28);
INSERT INTO dishes_ingredients VALUES(380,50);
INSERT INTO dishes_ingredients VALUES(381,6);
INSERT INTO dishes_ingredients VALUES(381,78);
INSERT INTO dishes_ingredients VALUES(381,109);
INSERT INTO dishes_ingredients VALUES(381,107);
INSERT INTO dishes_ingredients VALUES(382,16);
INSERT INTO dishes_ingredients VALUES(382,10);
INSERT INTO dishes_ingredients VALUES(382,49);
INSERT INTO dishes_ingredients VALUES(382,64);
INSERT INTO dishes_ingredients VALUES(383,18);
INSERT INTO dishes_ingredients VALUES(383,9);
INSERT INTO dishes_ingredients VALUES(383,10);
INSERT INTO dishes_ingredients VALUES(383,58);
INSERT INTO dishes_ingredients VALUES(384,78);
INSERT INTO dishes_ingredients VALUES(384,28);
INSERT INTO dishes_ingredients VALUES(384,12);
INSERT INTO dishes_ingredients VALUES(385,21);
INSERT INTO dishes_ingredients VALUES(385,25);
INSERT INTO dishes_ingredients VALUES(385,63);
INSERT INTO dishes_ingredients VALUES(385,10);
INSERT INTO dishes_ingredients VALUES(386,87);
INSERT INTO dishes_ingredients VALUES(386,81);
INSERT INTO dishes_ingredients VALUES(386,79);
INSERT INTO dishes_ingredients VALUES(386,58);
INSERT INTO dishes_ingredients VALUES(387,87);
INSERT INTO dishes_ingredients VALUES(387,58);
INSERT INTO dishes_ingredients VALUES(387,8);
INSERT INTO dishes_ingredients VALUES(388,16);
INSERT INTO dishes_ingredients VALUES(388,10);
INSERT INTO dishes_ingredients VALUES(388,49);
INSERT INTO dishes_ingredients VALUES(388,64);
INSERT INTO dishes_ingredients VALUES(389,96);
INSERT INTO dishes_ingredients VALUES(389,91);
INSERT INTO dishes_ingredients VALUES(389,99);
INSERT INTO dishes_ingredients VALUES(389,28);
INSERT INTO dishes_ingredients VALUES(390,21);
INSERT INTO dishes_ingredients VALUES(390,64);
INSERT INTO dishes_ingredients VALUES(390,25);
INSERT INTO dishes_ingredients VALUES(390,58);
INSERT INTO dishes_ingredients VALUES(391,12);
INSERT INTO dishes_ingredients VALUES(391,10);
INSERT INTO dishes_ingredients VALUES(391,58);
INSERT INTO dishes_ingredients VALUES(391,9);
INSERT INTO dishes_ingredients VALUES(392,6);
INSERT INTO dishes_ingredients VALUES(392,78);
INSERT INTO dishes_ingredients VALUES(392,109);
INSERT INTO dishes_ingredients VALUES(392,107);
INSERT INTO dishes_ingredients VALUES(393,3);
INSERT INTO dishes_ingredients VALUES(393,17);
INSERT INTO dishes_ingredients VALUES(393,6);
INSERT INTO dishes_ingredients VALUES(393,79);
INSERT INTO dishes_ingredients VALUES(394,78);
INSERT INTO dishes_ingredients VALUES(394,28);
INSERT INTO dishes_ingredients VALUES(394,12);
INSERT INTO dishes_ingredients VALUES(395,3);
INSERT INTO dishes_ingredients VALUES(395,17);
INSERT INTO dishes_ingredients VALUES(395,6);
INSERT INTO dishes_ingredients VALUES(395,79);
INSERT INTO dishes_ingredients VALUES(396,21);
INSERT INTO dishes_ingredients VALUES(396,28);
INSERT INTO dishes_ingredients VALUES(396,58);
INSERT INTO dishes_ingredients VALUES(396,10);
INSERT INTO dishes_ingredients VALUES(397,22);
INSERT INTO dishes_ingredients VALUES(397,87);
INSERT INTO dishes_ingredients VALUES(397,10);
INSERT INTO dishes_ingredients VALUES(397,9);
INSERT INTO dishes_ingredients VALUES(398,16);
INSERT INTO dishes_ingredients VALUES(398,10);
INSERT INTO dishes_ingredients VALUES(398,49);
INSERT INTO dishes_ingredients VALUES(398,64);
INSERT INTO dishes_ingredients VALUES(399,87);
INSERT INTO dishes_ingredients VALUES(399,58);
INSERT INTO dishes_ingredients VALUES(399,84);
INSERT INTO dishes_ingredients VALUES(399,3);
INSERT INTO dishes_ingredients VALUES(400,96);
INSERT INTO dishes_ingredients VALUES(400,8);
INSERT INTO dishes_ingredients VALUES(400,28);
INSERT INTO dishes_ingredients VALUES(400,50);
INSERT INTO dishes_ingredients VALUES(401,21);
INSERT INTO dishes_ingredients VALUES(401,25);
INSERT INTO dishes_ingredients VALUES(401,63);
INSERT INTO dishes_ingredients VALUES(401,10);
INSERT INTO dishes_ingredients VALUES(402,6);
INSERT INTO dishes_ingredients VALUES(402,78);
INSERT INTO dishes_ingredients VALUES(402,109);
INSERT INTO dishes_ingredients VALUES(402,107);
INSERT INTO dishes_ingredients VALUES(403,18);
INSERT INTO dishes_ingredients VALUES(403,9);
INSERT INTO dishes_ingredients VALUES(403,10);
INSERT INTO dishes_ingredients VALUES(403,58);
INSERT INTO dishes_ingredients VALUES(404,78);
INSERT INTO dishes_ingredients VALUES(404,28);
INSERT INTO dishes_ingredients VALUES(404,12);
INSERT INTO dishes_ingredients VALUES(405,3);
INSERT INTO dishes_ingredients VALUES(405,79);
INSERT INTO dishes_ingredients VALUES(405,18);
INSERT INTO dishes_ingredients VALUES(405,12);
INSERT INTO dishes_ingredients VALUES(406,21);
INSERT INTO dishes_ingredients VALUES(406,25);
INSERT INTO dishes_ingredients VALUES(406,63);
INSERT INTO dishes_ingredients VALUES(406,10);
INSERT INTO dishes_ingredients VALUES(407,87);
INSERT INTO dishes_ingredients VALUES(407,58);
INSERT INTO dishes_ingredients VALUES(407,8);
INSERT INTO dishes_ingredients VALUES(408,96);
INSERT INTO dishes_ingredients VALUES(408,8);
INSERT INTO dishes_ingredients VALUES(408,28);
INSERT INTO dishes_ingredients VALUES(408,50);
INSERT INTO dishes_ingredients VALUES(409,21);
INSERT INTO dishes_ingredients VALUES(409,28);
INSERT INTO dishes_ingredients VALUES(409,58);
INSERT INTO dishes_ingredients VALUES(409,10);
INSERT INTO dishes_ingredients VALUES(410,16);
INSERT INTO dishes_ingredients VALUES(410,28);
INSERT INTO dishes_ingredients VALUES(410,58);
INSERT INTO dishes_ingredients VALUES(410,8);
INSERT INTO dishes_ingredients VALUES(411,6);
INSERT INTO dishes_ingredients VALUES(411,78);
INSERT INTO dishes_ingredients VALUES(411,109);
INSERT INTO dishes_ingredients VALUES(411,107);
INSERT INTO dishes_ingredients VALUES(412,18);
INSERT INTO dishes_ingredients VALUES(412,9);
INSERT INTO dishes_ingredients VALUES(412,10);
INSERT INTO dishes_ingredients VALUES(412,58);
INSERT INTO dishes_ingredients VALUES(413,87);
INSERT INTO dishes_ingredients VALUES(413,79);
INSERT INTO dishes_ingredients VALUES(413,81);
INSERT INTO dishes_ingredients VALUES(413,58);
INSERT INTO dishes_ingredients VALUES(414,78);
INSERT INTO dishes_ingredients VALUES(414,28);
INSERT INTO dishes_ingredients VALUES(414,12);
INSERT INTO dishes_ingredients VALUES(415,21);
INSERT INTO dishes_ingredients VALUES(415,96);
INSERT INTO dishes_ingredients VALUES(415,91);
INSERT INTO dishes_ingredients VALUES(415,99);
INSERT INTO dishes_ingredients VALUES(416,22);
INSERT INTO dishes_ingredients VALUES(416,58);
INSERT INTO dishes_ingredients VALUES(416,9);
INSERT INTO dishes_ingredients VALUES(416,12);
INSERT INTO dishes_ingredients VALUES(417,96);
INSERT INTO dishes_ingredients VALUES(417,91);
INSERT INTO dishes_ingredients VALUES(417,99);
INSERT INTO dishes_ingredients VALUES(417,28);
INSERT INTO dishes_ingredients VALUES(418,22);
INSERT INTO dishes_ingredients VALUES(418,91);
INSERT INTO dishes_ingredients VALUES(418,99);
INSERT INTO dishes_ingredients VALUES(418,10);
INSERT INTO dishes_ingredients VALUES(419,101);
INSERT INTO dishes_ingredients VALUES(419,28);
INSERT INTO dishes_ingredients VALUES(419,8);
INSERT INTO dishes_ingredients VALUES(420,96);
INSERT INTO dishes_ingredients VALUES(420,91);
INSERT INTO dishes_ingredients VALUES(420,99);
INSERT INTO dishes_ingredients VALUES(420,10);
INSERT INTO dishes_ingredients VALUES(421,96);
INSERT INTO dishes_ingredients VALUES(421,91);
INSERT INTO dishes_ingredients VALUES(421,99);
INSERT INTO dishes_ingredients VALUES(421,50);
INSERT INTO dishes_ingredients VALUES(422,21);
INSERT INTO dishes_ingredients VALUES(422,96);
INSERT INTO dishes_ingredients VALUES(422,91);
INSERT INTO dishes_ingredients VALUES(422,99);
INSERT INTO dishes_ingredients VALUES(423,6);
INSERT INTO dishes_ingredients VALUES(423,78);
INSERT INTO dishes_ingredients VALUES(423,109);
INSERT INTO dishes_ingredients VALUES(423,107);
INSERT INTO dishes_ingredients VALUES(424,78);
INSERT INTO dishes_ingredients VALUES(424,28);
INSERT INTO dishes_ingredients VALUES(424,12);
INSERT INTO dishes_ingredients VALUES(425,21);
INSERT INTO dishes_ingredients VALUES(425,25);
INSERT INTO dishes_ingredients VALUES(425,63);
INSERT INTO dishes_ingredients VALUES(425,10);
INSERT INTO dishes_ingredients VALUES(426,22);
INSERT INTO dishes_ingredients VALUES(426,87);
INSERT INTO dishes_ingredients VALUES(426,10);
INSERT INTO dishes_ingredients VALUES(426,9);
INSERT INTO dishes_ingredients VALUES(427,87);
INSERT INTO dishes_ingredients VALUES(427,58);
INSERT INTO dishes_ingredients VALUES(427,84);
INSERT INTO dishes_ingredients VALUES(427,3);
INSERT INTO dishes_ingredients VALUES(428,3);
INSERT INTO dishes_ingredients VALUES(428,17);
INSERT INTO dishes_ingredients VALUES(428,6);
INSERT INTO dishes_ingredients VALUES(428,79);
INSERT INTO dishes_ingredients VALUES(429,21);
INSERT INTO dishes_ingredients VALUES(429,93);
INSERT INTO dishes_ingredients VALUES(429,99);
INSERT INTO dishes_ingredients VALUES(429,10);
INSERT INTO dishes_ingredients VALUES(430,96);
INSERT INTO dishes_ingredients VALUES(430,99);
INSERT INTO dishes_ingredients VALUES(430,103);
INSERT INTO dishes_ingredients VALUES(430,50);
INSERT INTO dishes_ingredients VALUES(431,16);
INSERT INTO dishes_ingredients VALUES(431,10);
INSERT INTO dishes_ingredients VALUES(431,49);
INSERT INTO dishes_ingredients VALUES(431,28);
INSERT INTO dishes_ingredients VALUES(432,43);
INSERT INTO dishes_ingredients VALUES(432,9);
INSERT INTO dishes_ingredients VALUES(432,10);
INSERT INTO dishes_ingredients VALUES(432,58);
INSERT INTO dishes_ingredients VALUES(433,6);
INSERT INTO dishes_ingredients VALUES(433,78);
INSERT INTO dishes_ingredients VALUES(433,109);
INSERT INTO dishes_ingredients VALUES(433,107);
INSERT INTO dishes_ingredients VALUES(434,78);
INSERT INTO dishes_ingredients VALUES(434,3);
INSERT INTO dishes_ingredients VALUES(434,20);
INSERT INTO dishes_ingredients VALUES(434,12);
INSERT INTO dishes_ingredients VALUES(435,22);
INSERT INTO dishes_ingredients VALUES(435,17);
INSERT INTO dishes_ingredients VALUES(435,10);
INSERT INTO dishes_ingredients VALUES(435,9);
INSERT INTO dishes_ingredients VALUES(436,16);
INSERT INTO dishes_ingredients VALUES(436,10);
INSERT INTO dishes_ingredients VALUES(436,49);
INSERT INTO dishes_ingredients VALUES(436,64);
INSERT INTO dishes_ingredients VALUES(437,21);
INSERT INTO dishes_ingredients VALUES(437,25);
INSERT INTO dishes_ingredients VALUES(437,58);
INSERT INTO dishes_ingredients VALUES(438,96);
INSERT INTO dishes_ingredients VALUES(438,99);
INSERT INTO dishes_ingredients VALUES(438,103);
INSERT INTO dishes_ingredients VALUES(438,50);
INSERT INTO dishes_ingredients VALUES(439,21);
INSERT INTO dishes_ingredients VALUES(439,28);
INSERT INTO dishes_ingredients VALUES(439,58);
INSERT INTO dishes_ingredients VALUES(440,87);
INSERT INTO dishes_ingredients VALUES(440,58);
INSERT INTO dishes_ingredients VALUES(440,93);
INSERT INTO dishes_ingredients VALUES(441,43);
INSERT INTO dishes_ingredients VALUES(441,9);
INSERT INTO dishes_ingredients VALUES(441,10);
INSERT INTO dishes_ingredients VALUES(441,58);
INSERT INTO dishes_ingredients VALUES(442,3);
INSERT INTO dishes_ingredients VALUES(442,6);
INSERT INTO dishes_ingredients VALUES(442,81);
INSERT INTO dishes_ingredients VALUES(442,25);
INSERT INTO dishes_ingredients VALUES(443,6);
INSERT INTO dishes_ingredients VALUES(443,78);
INSERT INTO dishes_ingredients VALUES(443,109);
INSERT INTO dishes_ingredients VALUES(443,107);
INSERT INTO dishes_ingredients VALUES(444,78);
INSERT INTO dishes_ingredients VALUES(444,3);
INSERT INTO dishes_ingredients VALUES(444,20);
INSERT INTO dishes_ingredients VALUES(444,12);
INSERT INTO dishes_ingredients VALUES(445,21);
INSERT INTO dishes_ingredients VALUES(445,96);
INSERT INTO dishes_ingredients VALUES(445,99);
INSERT INTO dishes_ingredients VALUES(445,100);
INSERT INTO dishes_ingredients VALUES(446,87);
INSERT INTO dishes_ingredients VALUES(446,84);
INSERT INTO dishes_ingredients VALUES(446,88);
INSERT INTO dishes_ingredients VALUES(446,58);
INSERT INTO dishes_ingredients VALUES(447,22);
INSERT INTO dishes_ingredients VALUES(447,17);
INSERT INTO dishes_ingredients VALUES(447,10);
INSERT INTO dishes_ingredients VALUES(447,9);
INSERT INTO dishes_ingredients VALUES(448,21);
INSERT INTO dishes_ingredients VALUES(448,93);
INSERT INTO dishes_ingredients VALUES(448,99);
INSERT INTO dishes_ingredients VALUES(448,10);
INSERT INTO dishes_ingredients VALUES(449,3);
INSERT INTO dishes_ingredients VALUES(449,6);
INSERT INTO dishes_ingredients VALUES(449,17);
INSERT INTO dishes_ingredients VALUES(449,10);
INSERT INTO dishes_ingredients VALUES(450,16);
INSERT INTO dishes_ingredients VALUES(450,10);
INSERT INTO dishes_ingredients VALUES(450,49);
INSERT INTO dishes_ingredients VALUES(450,64);
INSERT INTO dishes_ingredients VALUES(451,96);
INSERT INTO dishes_ingredients VALUES(451,99);
INSERT INTO dishes_ingredients VALUES(451,103);
INSERT INTO dishes_ingredients VALUES(451,50);
INSERT INTO dishes_ingredients VALUES(452,43);
INSERT INTO dishes_ingredients VALUES(452,9);
INSERT INTO dishes_ingredients VALUES(452,10);
INSERT INTO dishes_ingredients VALUES(452,58);
INSERT INTO dishes_ingredients VALUES(453,87);
INSERT INTO dishes_ingredients VALUES(453,58);
INSERT INTO dishes_ingredients VALUES(453,93);
INSERT INTO dishes_ingredients VALUES(454,6);
INSERT INTO dishes_ingredients VALUES(454,78);
INSERT INTO dishes_ingredients VALUES(454,109);
INSERT INTO dishes_ingredients VALUES(454,107);
INSERT INTO dishes_ingredients VALUES(455,6);
INSERT INTO dishes_ingredients VALUES(455,25);
INSERT INTO dishes_ingredients VALUES(455,79);
INSERT INTO dishes_ingredients VALUES(456,22);
INSERT INTO dishes_ingredients VALUES(456,28);
INSERT INTO dishes_ingredients VALUES(456,55);
INSERT INTO dishes_ingredients VALUES(456,6);
INSERT INTO dishes_ingredients VALUES(457,22);
INSERT INTO dishes_ingredients VALUES(457,12);
INSERT INTO dishes_ingredients VALUES(458,22);
INSERT INTO dishes_ingredients VALUES(458,12);
INSERT INTO dishes_ingredients VALUES(458,81);
INSERT INTO dishes_ingredients VALUES(458,8);
INSERT INTO dishes_ingredients VALUES(459,21);
INSERT INTO dishes_ingredients VALUES(459,28);
INSERT INTO dishes_ingredients VALUES(459,58);
INSERT INTO dishes_ingredients VALUES(460,16);
INSERT INTO dishes_ingredients VALUES(460,28);
INSERT INTO dishes_ingredients VALUES(460,58);
INSERT INTO dishes_ingredients VALUES(461,87);
INSERT INTO dishes_ingredients VALUES(461,84);
INSERT INTO dishes_ingredients VALUES(461,88);
INSERT INTO dishes_ingredients VALUES(461,58);
INSERT INTO dishes_ingredients VALUES(462,6);
INSERT INTO dishes_ingredients VALUES(462,78);
INSERT INTO dishes_ingredients VALUES(462,109);
INSERT INTO dishes_ingredients VALUES(462,107);
INSERT INTO dishes_ingredients VALUES(463,21);
INSERT INTO dishes_ingredients VALUES(463,25);
INSERT INTO dishes_ingredients VALUES(463,82);
INSERT INTO dishes_ingredients VALUES(464,78);
INSERT INTO dishes_ingredients VALUES(464,20);
INSERT INTO dishes_ingredients VALUES(464,12);
INSERT INTO dishes_ingredients VALUES(465,22);
INSERT INTO dishes_ingredients VALUES(465,6);
INSERT INTO dishes_ingredients VALUES(465,55);
INSERT INTO dishes_ingredients VALUES(466,6);
INSERT INTO dishes_ingredients VALUES(466,58);
INSERT INTO dishes_ingredients VALUES(466,108);
INSERT INTO dishes_ingredients VALUES(467,22);
INSERT INTO dishes_ingredients VALUES(467,12);
INSERT INTO dishes_ingredients VALUES(467,81);
INSERT INTO dishes_ingredients VALUES(467,93);
INSERT INTO dishes_ingredients VALUES(468,21);
INSERT INTO dishes_ingredients VALUES(468,25);
INSERT INTO dishes_ingredients VALUES(468,82);
INSERT INTO dishes_ingredients VALUES(469,87);
INSERT INTO dishes_ingredients VALUES(469,58);
INSERT INTO dishes_ingredients VALUES(469,93);
INSERT INTO dishes_ingredients VALUES(470,3);
INSERT INTO dishes_ingredients VALUES(470,6);
INSERT INTO dishes_ingredients VALUES(470,17);
INSERT INTO dishes_ingredients VALUES(470,10);
INSERT INTO dishes_ingredients VALUES(471,96);
INSERT INTO dishes_ingredients VALUES(471,99);
INSERT INTO dishes_ingredients VALUES(471,93);
INSERT INTO dishes_ingredients VALUES(472,21);
INSERT INTO dishes_ingredients VALUES(472,28);
INSERT INTO dishes_ingredients VALUES(472,58);
INSERT INTO dishes_ingredients VALUES(473,6);
INSERT INTO dishes_ingredients VALUES(473,78);
INSERT INTO dishes_ingredients VALUES(473,109);
INSERT INTO dishes_ingredients VALUES(473,107);
INSERT INTO dishes_ingredients VALUES(474,43);
INSERT INTO dishes_ingredients VALUES(474,9);
INSERT INTO dishes_ingredients VALUES(474,10);
INSERT INTO dishes_ingredients VALUES(474,58);
INSERT INTO dishes_ingredients VALUES(475,21);
INSERT INTO dishes_ingredients VALUES(475,25);
INSERT INTO dishes_ingredients VALUES(475,82);
INSERT INTO dishes_ingredients VALUES(476,16);
INSERT INTO dishes_ingredients VALUES(476,28);
INSERT INTO dishes_ingredients VALUES(476,58);
INSERT INTO dishes_ingredients VALUES(477,87);
INSERT INTO dishes_ingredients VALUES(477,58);
INSERT INTO dishes_ingredients VALUES(477,93);
INSERT INTO dishes_ingredients VALUES(478,22);
INSERT INTO dishes_ingredients VALUES(478,104);
INSERT INTO dishes_ingredients VALUES(478,10);
INSERT INTO dishes_ingredients VALUES(479,3);
INSERT INTO dishes_ingredients VALUES(479,6);
INSERT INTO dishes_ingredients VALUES(479,17);
INSERT INTO dishes_ingredients VALUES(479,10);
INSERT INTO dishes_ingredients VALUES(480,21);
INSERT INTO dishes_ingredients VALUES(480,28);
INSERT INTO dishes_ingredients VALUES(480,58);
INSERT INTO dishes_ingredients VALUES(481,95);
INSERT INTO dishes_ingredients VALUES(481,96);
INSERT INTO dishes_ingredients VALUES(481,97);
INSERT INTO dishes_ingredients VALUES(481,56);
INSERT INTO dishes_ingredients VALUES(481,103);
INSERT INTO dishes_ingredients VALUES(481,28);
INSERT INTO dishes_ingredients VALUES(482,75);
INSERT INTO dishes_ingredients VALUES(482,9);
INSERT INTO dishes_ingredients VALUES(482,57);
INSERT INTO dishes_ingredients VALUES(482,44);
INSERT INTO dishes_ingredients VALUES(482,64);
INSERT INTO dishes_ingredients VALUES(483,6);
INSERT INTO dishes_ingredients VALUES(483,78);
INSERT INTO dishes_ingredients VALUES(483,109);
INSERT INTO dishes_ingredients VALUES(483,107);
INSERT INTO dishes_ingredients VALUES(483,79);
INSERT INTO dishes_ingredients VALUES(484,78);
INSERT INTO dishes_ingredients VALUES(484,28);
INSERT INTO dishes_ingredients VALUES(484,34);
INSERT INTO dishes_ingredients VALUES(484,79);
INSERT INTO dishes_ingredients VALUES(486,21);
INSERT INTO dishes_ingredients VALUES(486,25);
INSERT INTO dishes_ingredients VALUES(486,58);
INSERT INTO dishes_ingredients VALUES(486,79);
INSERT INTO dishes_ingredients VALUES(486,96);
INSERT INTO dishes_ingredients VALUES(487,22);
INSERT INTO dishes_ingredients VALUES(487,17);
INSERT INTO dishes_ingredients VALUES(487,9);
INSERT INTO dishes_ingredients VALUES(487,10);
INSERT INTO dishes_ingredients VALUES(487,79);
INSERT INTO dishes_ingredients VALUES(488,16);
INSERT INTO dishes_ingredients VALUES(488,9);
INSERT INTO dishes_ingredients VALUES(488,10);
INSERT INTO dishes_ingredients VALUES(488,12);
INSERT INTO dishes_ingredients VALUES(488,49);
INSERT INTO dishes_ingredients VALUES(489,87);
INSERT INTO dishes_ingredients VALUES(489,84);
INSERT INTO dishes_ingredients VALUES(489,88);
INSERT INTO dishes_ingredients VALUES(489,69);
INSERT INTO dishes_ingredients VALUES(489,73);
INSERT INTO dishes_ingredients VALUES(490,21);
INSERT INTO dishes_ingredients VALUES(490,28);
INSERT INTO dishes_ingredients VALUES(490,57);
INSERT INTO dishes_ingredients VALUES(490,64);
INSERT INTO dishes_ingredients VALUES(491,6);
INSERT INTO dishes_ingredients VALUES(491,78);
INSERT INTO dishes_ingredients VALUES(491,109);
INSERT INTO dishes_ingredients VALUES(491,107);
INSERT INTO dishes_ingredients VALUES(491,79);
INSERT INTO dishes_ingredients VALUES(492,96);
INSERT INTO dishes_ingredients VALUES(492,56);
INSERT INTO dishes_ingredients VALUES(492,103);
INSERT INTO dishes_ingredients VALUES(492,28);
INSERT INTO dishes_ingredients VALUES(493,75);
INSERT INTO dishes_ingredients VALUES(493,9);
INSERT INTO dishes_ingredients VALUES(493,57);
INSERT INTO dishes_ingredients VALUES(493,44);
INSERT INTO dishes_ingredients VALUES(493,64);
INSERT INTO dishes_ingredients VALUES(494,78);
INSERT INTO dishes_ingredients VALUES(494,28);
INSERT INTO dishes_ingredients VALUES(494,34);
INSERT INTO dishes_ingredients VALUES(494,79);
INSERT INTO dishes_ingredients VALUES(495,22);
INSERT INTO dishes_ingredients VALUES(495,84);
INSERT INTO dishes_ingredients VALUES(495,9);
INSERT INTO dishes_ingredients VALUES(495,10);
INSERT INTO dishes_ingredients VALUES(495,79);
INSERT INTO dishes_ingredients VALUES(496,87);
INSERT INTO dishes_ingredients VALUES(496,49);
INSERT INTO dishes_ingredients VALUES(496,58);
INSERT INTO dishes_ingredients VALUES(496,44);
INSERT INTO dishes_ingredients VALUES(497,21);
INSERT INTO dishes_ingredients VALUES(497,25);
INSERT INTO dishes_ingredients VALUES(497,58);
INSERT INTO dishes_ingredients VALUES(497,79);
INSERT INTO dishes_ingredients VALUES(497,96);
INSERT INTO dishes_ingredients VALUES(498,16);
INSERT INTO dishes_ingredients VALUES(498,28);
INSERT INTO dishes_ingredients VALUES(498,57);
INSERT INTO dishes_ingredients VALUES(498,64);
INSERT INTO dishes_ingredients VALUES(499,22);
INSERT INTO dishes_ingredients VALUES(499,17);
INSERT INTO dishes_ingredients VALUES(499,6);
INSERT INTO dishes_ingredients VALUES(499,79);
INSERT INTO dishes_ingredients VALUES(499,58);
INSERT INTO dishes_ingredients VALUES(500,96);
INSERT INTO dishes_ingredients VALUES(500,56);
INSERT INTO dishes_ingredients VALUES(500,103);
INSERT INTO dishes_ingredients VALUES(500,28);
INSERT INTO dishes_ingredients VALUES(501,75);
INSERT INTO dishes_ingredients VALUES(501,9);
INSERT INTO dishes_ingredients VALUES(501,57);
INSERT INTO dishes_ingredients VALUES(501,44);
INSERT INTO dishes_ingredients VALUES(501,64);
INSERT INTO dishes_ingredients VALUES(502,21);
INSERT INTO dishes_ingredients VALUES(502,28);
INSERT INTO dishes_ingredients VALUES(502,57);
INSERT INTO dishes_ingredients VALUES(502,64);
INSERT INTO dishes_ingredients VALUES(503,6);
INSERT INTO dishes_ingredients VALUES(503,78);
INSERT INTO dishes_ingredients VALUES(503,109);
INSERT INTO dishes_ingredients VALUES(503,107);
INSERT INTO dishes_ingredients VALUES(503,79);
INSERT INTO dishes_ingredients VALUES(504,78);
INSERT INTO dishes_ingredients VALUES(504,28);
INSERT INTO dishes_ingredients VALUES(504,34);
INSERT INTO dishes_ingredients VALUES(504,79);
CREATE TABLE dishes_allergens(
    id_dish INTEGER NOT NULL,
    id_allergen INTEGER NOT NULL,
    FOREIGN KEY(id_dish) REFERENCES dishes(id) ON DELETE CASCADE,
    FOREIGN KEY(id_allergen) REFERENCES allergens(id) ON DELETE CASCADE,
    PRIMARY KEY(id_dish, id_allergen)
);
INSERT INTO dishes_allergens VALUES(55,4);
INSERT INTO dishes_allergens VALUES(55,2);
INSERT INTO dishes_allergens VALUES(55,14);
INSERT INTO dishes_allergens VALUES(56,1);
INSERT INTO dishes_allergens VALUES(56,7);
INSERT INTO dishes_allergens VALUES(56,8);
INSERT INTO dishes_allergens VALUES(57,1);
INSERT INTO dishes_allergens VALUES(57,7);
INSERT INTO dishes_allergens VALUES(59,1);
INSERT INTO dishes_allergens VALUES(61,1);
INSERT INTO dishes_allergens VALUES(61,3);
INSERT INTO dishes_allergens VALUES(61,7);
INSERT INTO dishes_allergens VALUES(61,8);
INSERT INTO dishes_allergens VALUES(62,7);
INSERT INTO dishes_allergens VALUES(62,8);
INSERT INTO dishes_allergens VALUES(64,1);
INSERT INTO dishes_allergens VALUES(64,3);
INSERT INTO dishes_allergens VALUES(65,3);
INSERT INTO dishes_allergens VALUES(65,7);
INSERT INTO dishes_allergens VALUES(66,1);
INSERT INTO dishes_allergens VALUES(66,4);
INSERT INTO dishes_allergens VALUES(66,7);
INSERT INTO dishes_allergens VALUES(67,7);
INSERT INTO dishes_allergens VALUES(68,3);
INSERT INTO dishes_allergens VALUES(69,1);
INSERT INTO dishes_allergens VALUES(69,3);
INSERT INTO dishes_allergens VALUES(69,7);
INSERT INTO dishes_allergens VALUES(70,1);
INSERT INTO dishes_allergens VALUES(70,3);
INSERT INTO dishes_allergens VALUES(70,7);
INSERT INTO dishes_allergens VALUES(70,8);
INSERT INTO dishes_allergens VALUES(71,1);
INSERT INTO dishes_allergens VALUES(71,7);
INSERT INTO dishes_allergens VALUES(71,8);
INSERT INTO dishes_allergens VALUES(72,1);
INSERT INTO dishes_allergens VALUES(72,3);
INSERT INTO dishes_allergens VALUES(72,7);
INSERT INTO dishes_allergens VALUES(74,1);
INSERT INTO dishes_allergens VALUES(74,3);
INSERT INTO dishes_allergens VALUES(74,7);
INSERT INTO dishes_allergens VALUES(74,8);
INSERT INTO dishes_allergens VALUES(75,1);
INSERT INTO dishes_allergens VALUES(75,3);
INSERT INTO dishes_allergens VALUES(77,4);
INSERT INTO dishes_allergens VALUES(78,4);
INSERT INTO dishes_allergens VALUES(80,3);
INSERT INTO dishes_allergens VALUES(84,1);
INSERT INTO dishes_allergens VALUES(84,3);
INSERT INTO dishes_allergens VALUES(84,7);
INSERT INTO dishes_allergens VALUES(86,1);
INSERT INTO dishes_allergens VALUES(86,3);
INSERT INTO dishes_allergens VALUES(86,7);
INSERT INTO dishes_allergens VALUES(87,1);
INSERT INTO dishes_allergens VALUES(87,3);
INSERT INTO dishes_allergens VALUES(87,7);
INSERT INTO dishes_allergens VALUES(89,1);
INSERT INTO dishes_allergens VALUES(89,7);
INSERT INTO dishes_allergens VALUES(90,7);
INSERT INTO dishes_allergens VALUES(92,4);
INSERT INTO dishes_allergens VALUES(92,2);
INSERT INTO dishes_allergens VALUES(92,14);
INSERT INTO dishes_allergens VALUES(93,7);
INSERT INTO dishes_allergens VALUES(94,1);
INSERT INTO dishes_allergens VALUES(94,3);
INSERT INTO dishes_allergens VALUES(94,7);
INSERT INTO dishes_allergens VALUES(95,1);
INSERT INTO dishes_allergens VALUES(95,3);
INSERT INTO dishes_allergens VALUES(95,7);
INSERT INTO dishes_allergens VALUES(96,7);
INSERT INTO dishes_allergens VALUES(98,4);
INSERT INTO dishes_allergens VALUES(99,1);
INSERT INTO dishes_allergens VALUES(99,8);
INSERT INTO dishes_allergens VALUES(100,1);
INSERT INTO dishes_allergens VALUES(100,7);
INSERT INTO dishes_allergens VALUES(103,1);
INSERT INTO dishes_allergens VALUES(103,3);
INSERT INTO dishes_allergens VALUES(103,7);
INSERT INTO dishes_allergens VALUES(104,2);
INSERT INTO dishes_allergens VALUES(104,4);
INSERT INTO dishes_allergens VALUES(104,14);
INSERT INTO dishes_allergens VALUES(105,3);
INSERT INTO dishes_allergens VALUES(105,7);
INSERT INTO dishes_allergens VALUES(106,2);
INSERT INTO dishes_allergens VALUES(106,4);
INSERT INTO dishes_allergens VALUES(106,14);
INSERT INTO dishes_allergens VALUES(108,2);
INSERT INTO dishes_allergens VALUES(108,14);
INSERT INTO dishes_allergens VALUES(109,4);
INSERT INTO dishes_allergens VALUES(110,1);
INSERT INTO dishes_allergens VALUES(110,3);
INSERT INTO dishes_allergens VALUES(110,7);
INSERT INTO dishes_allergens VALUES(111,1);
INSERT INTO dishes_allergens VALUES(112,1);
INSERT INTO dishes_allergens VALUES(112,3);
INSERT INTO dishes_allergens VALUES(112,7);
INSERT INTO dishes_allergens VALUES(115,1);
INSERT INTO dishes_allergens VALUES(115,7);
INSERT INTO dishes_allergens VALUES(117,4);
INSERT INTO dishes_allergens VALUES(118,1);
INSERT INTO dishes_allergens VALUES(118,3);
INSERT INTO dishes_allergens VALUES(118,7);
INSERT INTO dishes_allergens VALUES(119,2);
INSERT INTO dishes_allergens VALUES(119,14);
INSERT INTO dishes_allergens VALUES(120,3);
INSERT INTO dishes_allergens VALUES(120,7);
INSERT INTO dishes_allergens VALUES(122,1);
INSERT INTO dishes_allergens VALUES(122,7);
INSERT INTO dishes_allergens VALUES(123,8);
INSERT INTO dishes_allergens VALUES(124,1);
INSERT INTO dishes_allergens VALUES(124,3);
INSERT INTO dishes_allergens VALUES(124,7);
INSERT INTO dishes_allergens VALUES(125,1);
INSERT INTO dishes_allergens VALUES(126,1);
INSERT INTO dishes_allergens VALUES(126,3);
INSERT INTO dishes_allergens VALUES(126,7);
INSERT INTO dishes_allergens VALUES(127,2);
INSERT INTO dishes_allergens VALUES(127,4);
INSERT INTO dishes_allergens VALUES(127,14);
INSERT INTO dishes_allergens VALUES(128,1);
INSERT INTO dishes_allergens VALUES(128,3);
INSERT INTO dishes_allergens VALUES(129,7);
INSERT INTO dishes_allergens VALUES(130,4);
INSERT INTO dishes_allergens VALUES(132,7);
INSERT INTO dishes_allergens VALUES(133,1);
INSERT INTO dishes_allergens VALUES(133,3);
INSERT INTO dishes_allergens VALUES(133,7);
INSERT INTO dishes_allergens VALUES(134,1);
INSERT INTO dishes_allergens VALUES(134,7);
INSERT INTO dishes_allergens VALUES(135,2);
INSERT INTO dishes_allergens VALUES(135,14);
INSERT INTO dishes_allergens VALUES(136,2);
INSERT INTO dishes_allergens VALUES(136,14);
INSERT INTO dishes_allergens VALUES(137,2);
INSERT INTO dishes_allergens VALUES(137,4);
INSERT INTO dishes_allergens VALUES(137,14);
INSERT INTO dishes_allergens VALUES(138,4);
INSERT INTO dishes_allergens VALUES(138,2);
INSERT INTO dishes_allergens VALUES(138,14);
INSERT INTO dishes_allergens VALUES(139,2);
INSERT INTO dishes_allergens VALUES(139,4);
INSERT INTO dishes_allergens VALUES(139,14);
INSERT INTO dishes_allergens VALUES(141,1);
INSERT INTO dishes_allergens VALUES(141,3);
INSERT INTO dishes_allergens VALUES(141,7);
INSERT INTO dishes_allergens VALUES(142,1);
INSERT INTO dishes_allergens VALUES(142,3);
INSERT INTO dishes_allergens VALUES(142,7);
INSERT INTO dishes_allergens VALUES(143,3);
INSERT INTO dishes_allergens VALUES(143,7);
INSERT INTO dishes_allergens VALUES(144,7);
INSERT INTO dishes_allergens VALUES(144,8);
INSERT INTO dishes_allergens VALUES(145,7);
INSERT INTO dishes_allergens VALUES(146,1);
INSERT INTO dishes_allergens VALUES(146,7);
INSERT INTO dishes_allergens VALUES(146,8);
INSERT INTO dishes_allergens VALUES(149,2);
INSERT INTO dishes_allergens VALUES(149,4);
INSERT INTO dishes_allergens VALUES(149,14);
INSERT INTO dishes_allergens VALUES(151,2);
INSERT INTO dishes_allergens VALUES(151,14);
INSERT INTO dishes_allergens VALUES(153,1);
INSERT INTO dishes_allergens VALUES(153,3);
INSERT INTO dishes_allergens VALUES(153,7);
INSERT INTO dishes_allergens VALUES(154,7);
INSERT INTO dishes_allergens VALUES(155,1);
INSERT INTO dishes_allergens VALUES(155,3);
INSERT INTO dishes_allergens VALUES(155,7);
INSERT INTO dishes_allergens VALUES(158,1);
INSERT INTO dishes_allergens VALUES(158,3);
INSERT INTO dishes_allergens VALUES(158,7);
INSERT INTO dishes_allergens VALUES(159,4);
INSERT INTO dishes_allergens VALUES(160,7);
INSERT INTO dishes_allergens VALUES(161,1);
INSERT INTO dishes_allergens VALUES(162,3);
INSERT INTO dishes_allergens VALUES(162,7);
INSERT INTO dishes_allergens VALUES(163,1);
INSERT INTO dishes_allergens VALUES(163,3);
INSERT INTO dishes_allergens VALUES(163,7);
INSERT INTO dishes_allergens VALUES(164,1);
INSERT INTO dishes_allergens VALUES(164,3);
INSERT INTO dishes_allergens VALUES(164,7);
INSERT INTO dishes_allergens VALUES(165,1);
INSERT INTO dishes_allergens VALUES(165,7);
INSERT INTO dishes_allergens VALUES(165,8);
INSERT INTO dishes_allergens VALUES(167,1);
INSERT INTO dishes_allergens VALUES(167,7);
INSERT INTO dishes_allergens VALUES(168,7);
INSERT INTO dishes_allergens VALUES(169,2);
INSERT INTO dishes_allergens VALUES(169,14);
INSERT INTO dishes_allergens VALUES(171,7);
INSERT INTO dishes_allergens VALUES(172,1);
INSERT INTO dishes_allergens VALUES(172,3);
INSERT INTO dishes_allergens VALUES(172,7);
INSERT INTO dishes_allergens VALUES(173,1);
INSERT INTO dishes_allergens VALUES(173,3);
INSERT INTO dishes_allergens VALUES(173,7);
INSERT INTO dishes_allergens VALUES(174,7);
INSERT INTO dishes_allergens VALUES(175,7);
INSERT INTO dishes_allergens VALUES(176,14);
INSERT INTO dishes_allergens VALUES(178,4);
INSERT INTO dishes_allergens VALUES(179,1);
INSERT INTO dishes_allergens VALUES(179,3);
INSERT INTO dishes_allergens VALUES(179,7);
INSERT INTO dishes_allergens VALUES(180,7);
INSERT INTO dishes_allergens VALUES(181,1);
INSERT INTO dishes_allergens VALUES(181,3);
INSERT INTO dishes_allergens VALUES(181,7);
INSERT INTO dishes_allergens VALUES(182,1);
INSERT INTO dishes_allergens VALUES(182,7);
INSERT INTO dishes_allergens VALUES(183,1);
INSERT INTO dishes_allergens VALUES(183,3);
INSERT INTO dishes_allergens VALUES(183,7);
INSERT INTO dishes_allergens VALUES(184,1);
INSERT INTO dishes_allergens VALUES(184,3);
INSERT INTO dishes_allergens VALUES(184,7);
INSERT INTO dishes_allergens VALUES(185,1);
INSERT INTO dishes_allergens VALUES(185,3);
INSERT INTO dishes_allergens VALUES(185,7);
INSERT INTO dishes_allergens VALUES(186,7);
INSERT INTO dishes_allergens VALUES(189,1);
INSERT INTO dishes_allergens VALUES(189,7);
INSERT INTO dishes_allergens VALUES(191,1);
INSERT INTO dishes_allergens VALUES(191,3);
INSERT INTO dishes_allergens VALUES(191,7);
INSERT INTO dishes_allergens VALUES(192,2);
INSERT INTO dishes_allergens VALUES(192,14);
INSERT INTO dishes_allergens VALUES(194,7);
INSERT INTO dishes_allergens VALUES(195,2);
INSERT INTO dishes_allergens VALUES(195,4);
INSERT INTO dishes_allergens VALUES(195,14);
INSERT INTO dishes_allergens VALUES(196,2);
INSERT INTO dishes_allergens VALUES(196,14);
INSERT INTO dishes_allergens VALUES(197,4);
INSERT INTO dishes_allergens VALUES(197,2);
INSERT INTO dishes_allergens VALUES(197,14);
INSERT INTO dishes_allergens VALUES(198,4);
INSERT INTO dishes_allergens VALUES(199,14);
INSERT INTO dishes_allergens VALUES(200,2);
INSERT INTO dishes_allergens VALUES(200,4);
INSERT INTO dishes_allergens VALUES(200,14);
INSERT INTO dishes_allergens VALUES(202,1);
INSERT INTO dishes_allergens VALUES(202,3);
INSERT INTO dishes_allergens VALUES(202,7);
INSERT INTO dishes_allergens VALUES(203,7);
INSERT INTO dishes_allergens VALUES(204,2);
INSERT INTO dishes_allergens VALUES(204,4);
INSERT INTO dishes_allergens VALUES(204,14);
INSERT INTO dishes_allergens VALUES(205,1);
INSERT INTO dishes_allergens VALUES(205,3);
INSERT INTO dishes_allergens VALUES(205,7);
INSERT INTO dishes_allergens VALUES(208,7);
INSERT INTO dishes_allergens VALUES(209,3);
INSERT INTO dishes_allergens VALUES(209,7);
INSERT INTO dishes_allergens VALUES(210,1);
INSERT INTO dishes_allergens VALUES(210,3);
INSERT INTO dishes_allergens VALUES(210,7);
INSERT INTO dishes_allergens VALUES(211,4);
INSERT INTO dishes_allergens VALUES(213,7);
INSERT INTO dishes_allergens VALUES(214,1);
INSERT INTO dishes_allergens VALUES(214,3);
INSERT INTO dishes_allergens VALUES(214,7);
INSERT INTO dishes_allergens VALUES(215,1);
INSERT INTO dishes_allergens VALUES(215,3);
INSERT INTO dishes_allergens VALUES(215,7);
INSERT INTO dishes_allergens VALUES(216,7);
INSERT INTO dishes_allergens VALUES(217,1);
INSERT INTO dishes_allergens VALUES(217,3);
INSERT INTO dishes_allergens VALUES(217,7);
INSERT INTO dishes_allergens VALUES(219,2);
INSERT INTO dishes_allergens VALUES(219,4);
INSERT INTO dishes_allergens VALUES(219,14);
INSERT INTO dishes_allergens VALUES(223,1);
INSERT INTO dishes_allergens VALUES(223,3);
INSERT INTO dishes_allergens VALUES(223,7);
INSERT INTO dishes_allergens VALUES(224,1);
INSERT INTO dishes_allergens VALUES(224,3);
INSERT INTO dishes_allergens VALUES(224,7);
INSERT INTO dishes_allergens VALUES(225,2);
INSERT INTO dishes_allergens VALUES(225,4);
INSERT INTO dishes_allergens VALUES(225,14);
INSERT INTO dishes_allergens VALUES(226,7);
INSERT INTO dishes_allergens VALUES(228,1);
INSERT INTO dishes_allergens VALUES(228,3);
INSERT INTO dishes_allergens VALUES(228,7);
INSERT INTO dishes_allergens VALUES(229,2);
INSERT INTO dishes_allergens VALUES(229,4);
INSERT INTO dishes_allergens VALUES(229,14);
INSERT INTO dishes_allergens VALUES(232,1);
INSERT INTO dishes_allergens VALUES(232,3);
INSERT INTO dishes_allergens VALUES(232,7);
INSERT INTO dishes_allergens VALUES(233,7);
INSERT INTO dishes_allergens VALUES(234,3);
INSERT INTO dishes_allergens VALUES(234,7);
INSERT INTO dishes_allergens VALUES(235,7);
INSERT INTO dishes_allergens VALUES(236,1);
INSERT INTO dishes_allergens VALUES(236,3);
INSERT INTO dishes_allergens VALUES(236,7);
INSERT INTO dishes_allergens VALUES(238,4);
INSERT INTO dishes_allergens VALUES(239,3);
INSERT INTO dishes_allergens VALUES(239,7);
INSERT INTO dishes_allergens VALUES(241,1);
INSERT INTO dishes_allergens VALUES(241,3);
INSERT INTO dishes_allergens VALUES(241,7);
INSERT INTO dishes_allergens VALUES(243,1);
INSERT INTO dishes_allergens VALUES(243,3);
INSERT INTO dishes_allergens VALUES(243,7);
INSERT INTO dishes_allergens VALUES(244,7);
INSERT INTO dishes_allergens VALUES(245,2);
INSERT INTO dishes_allergens VALUES(245,4);
INSERT INTO dishes_allergens VALUES(245,14);
INSERT INTO dishes_allergens VALUES(246,2);
INSERT INTO dishes_allergens VALUES(246,4);
INSERT INTO dishes_allergens VALUES(246,14);
INSERT INTO dishes_allergens VALUES(248,1);
INSERT INTO dishes_allergens VALUES(248,3);
INSERT INTO dishes_allergens VALUES(248,7);
INSERT INTO dishes_allergens VALUES(249,1);
INSERT INTO dishes_allergens VALUES(249,7);
INSERT INTO dishes_allergens VALUES(250,1);
INSERT INTO dishes_allergens VALUES(250,3);
INSERT INTO dishes_allergens VALUES(250,7);
INSERT INTO dishes_allergens VALUES(252,2);
INSERT INTO dishes_allergens VALUES(252,14);
INSERT INTO dishes_allergens VALUES(253,1);
INSERT INTO dishes_allergens VALUES(253,3);
INSERT INTO dishes_allergens VALUES(253,7);
INSERT INTO dishes_allergens VALUES(254,7);
INSERT INTO dishes_allergens VALUES(255,2);
INSERT INTO dishes_allergens VALUES(255,4);
INSERT INTO dishes_allergens VALUES(255,14);
INSERT INTO dishes_allergens VALUES(256,2);
INSERT INTO dishes_allergens VALUES(256,4);
INSERT INTO dishes_allergens VALUES(256,14);
INSERT INTO dishes_allergens VALUES(258,2);
INSERT INTO dishes_allergens VALUES(258,4);
INSERT INTO dishes_allergens VALUES(258,14);
INSERT INTO dishes_allergens VALUES(260,1);
INSERT INTO dishes_allergens VALUES(260,3);
INSERT INTO dishes_allergens VALUES(260,7);
INSERT INTO dishes_allergens VALUES(262,7);
INSERT INTO dishes_allergens VALUES(263,1);
INSERT INTO dishes_allergens VALUES(263,3);
INSERT INTO dishes_allergens VALUES(263,7);
INSERT INTO dishes_allergens VALUES(264,7);
INSERT INTO dishes_allergens VALUES(265,7);
INSERT INTO dishes_allergens VALUES(266,1);
INSERT INTO dishes_allergens VALUES(266,3);
INSERT INTO dishes_allergens VALUES(266,7);
INSERT INTO dishes_allergens VALUES(268,7);
INSERT INTO dishes_allergens VALUES(270,1);
INSERT INTO dishes_allergens VALUES(270,3);
INSERT INTO dishes_allergens VALUES(270,7);
INSERT INTO dishes_allergens VALUES(271,1);
INSERT INTO dishes_allergens VALUES(271,3);
INSERT INTO dishes_allergens VALUES(271,7);
INSERT INTO dishes_allergens VALUES(272,2);
INSERT INTO dishes_allergens VALUES(272,4);
INSERT INTO dishes_allergens VALUES(272,14);
INSERT INTO dishes_allergens VALUES(275,7);
INSERT INTO dishes_allergens VALUES(276,1);
INSERT INTO dishes_allergens VALUES(276,3);
INSERT INTO dishes_allergens VALUES(276,7);
INSERT INTO dishes_allergens VALUES(278,14);
INSERT INTO dishes_allergens VALUES(280,1);
INSERT INTO dishes_allergens VALUES(280,3);
INSERT INTO dishes_allergens VALUES(280,7);
INSERT INTO dishes_allergens VALUES(283,1);
INSERT INTO dishes_allergens VALUES(283,3);
INSERT INTO dishes_allergens VALUES(283,7);
INSERT INTO dishes_allergens VALUES(284,7);
INSERT INTO dishes_allergens VALUES(285,7);
INSERT INTO dishes_allergens VALUES(286,1);
INSERT INTO dishes_allergens VALUES(286,3);
INSERT INTO dishes_allergens VALUES(286,7);
INSERT INTO dishes_allergens VALUES(288,1);
INSERT INTO dishes_allergens VALUES(288,3);
INSERT INTO dishes_allergens VALUES(288,7);
INSERT INTO dishes_allergens VALUES(289,2);
INSERT INTO dishes_allergens VALUES(289,4);
INSERT INTO dishes_allergens VALUES(289,14);
INSERT INTO dishes_allergens VALUES(290,7);
INSERT INTO dishes_allergens VALUES(292,1);
INSERT INTO dishes_allergens VALUES(292,3);
INSERT INTO dishes_allergens VALUES(292,7);
INSERT INTO dishes_allergens VALUES(294,7);
INSERT INTO dishes_allergens VALUES(295,2);
INSERT INTO dishes_allergens VALUES(295,4);
INSERT INTO dishes_allergens VALUES(295,14);
INSERT INTO dishes_allergens VALUES(296,2);
INSERT INTO dishes_allergens VALUES(296,4);
INSERT INTO dishes_allergens VALUES(296,14);
INSERT INTO dishes_allergens VALUES(297,2);
INSERT INTO dishes_allergens VALUES(297,4);
INSERT INTO dishes_allergens VALUES(297,14);
INSERT INTO dishes_allergens VALUES(299,2);
INSERT INTO dishes_allergens VALUES(299,4);
INSERT INTO dishes_allergens VALUES(299,14);
INSERT INTO dishes_allergens VALUES(300,2);
INSERT INTO dishes_allergens VALUES(300,4);
INSERT INTO dishes_allergens VALUES(300,14);
INSERT INTO dishes_allergens VALUES(301,4);
INSERT INTO dishes_allergens VALUES(301,14);
INSERT INTO dishes_allergens VALUES(302,1);
INSERT INTO dishes_allergens VALUES(302,3);
INSERT INTO dishes_allergens VALUES(302,7);
INSERT INTO dishes_allergens VALUES(303,2);
INSERT INTO dishes_allergens VALUES(303,4);
INSERT INTO dishes_allergens VALUES(303,14);
INSERT INTO dishes_allergens VALUES(304,7);
INSERT INTO dishes_allergens VALUES(305,7);
INSERT INTO dishes_allergens VALUES(306,1);
INSERT INTO dishes_allergens VALUES(306,3);
INSERT INTO dishes_allergens VALUES(306,7);
INSERT INTO dishes_allergens VALUES(307,7);
INSERT INTO dishes_allergens VALUES(308,1);
INSERT INTO dishes_allergens VALUES(308,7);
INSERT INTO dishes_allergens VALUES(309,7);
INSERT INTO dishes_allergens VALUES(310,7);
INSERT INTO dishes_allergens VALUES(311,7);
INSERT INTO dishes_allergens VALUES(312,1);
INSERT INTO dishes_allergens VALUES(312,3);
INSERT INTO dishes_allergens VALUES(312,7);
INSERT INTO dishes_allergens VALUES(313,7);
INSERT INTO dishes_allergens VALUES(314,7);
INSERT INTO dishes_allergens VALUES(315,7);
INSERT INTO dishes_allergens VALUES(316,1);
INSERT INTO dishes_allergens VALUES(316,3);
INSERT INTO dishes_allergens VALUES(316,7);
INSERT INTO dishes_allergens VALUES(317,7);
INSERT INTO dishes_allergens VALUES(318,14);
INSERT INTO dishes_allergens VALUES(319,7);
INSERT INTO dishes_allergens VALUES(320,1);
INSERT INTO dishes_allergens VALUES(320,7);
INSERT INTO dishes_allergens VALUES(321,7);
INSERT INTO dishes_allergens VALUES(322,4);
INSERT INTO dishes_allergens VALUES(322,14);
INSERT INTO dishes_allergens VALUES(323,1);
INSERT INTO dishes_allergens VALUES(323,3);
INSERT INTO dishes_allergens VALUES(323,7);
INSERT INTO dishes_allergens VALUES(324,7);
INSERT INTO dishes_allergens VALUES(325,7);
INSERT INTO dishes_allergens VALUES(326,7);
INSERT INTO dishes_allergens VALUES(327,7);
INSERT INTO dishes_allergens VALUES(328,7);
INSERT INTO dishes_allergens VALUES(329,7);
INSERT INTO dishes_allergens VALUES(330,7);
INSERT INTO dishes_allergens VALUES(331,1);
INSERT INTO dishes_allergens VALUES(331,7);
INSERT INTO dishes_allergens VALUES(332,7);
INSERT INTO dishes_allergens VALUES(333,1);
INSERT INTO dishes_allergens VALUES(333,7);
INSERT INTO dishes_allergens VALUES(334,2);
INSERT INTO dishes_allergens VALUES(334,4);
INSERT INTO dishes_allergens VALUES(334,14);
INSERT INTO dishes_allergens VALUES(335,2);
INSERT INTO dishes_allergens VALUES(335,4);
INSERT INTO dishes_allergens VALUES(335,14);
INSERT INTO dishes_allergens VALUES(336,4);
INSERT INTO dishes_allergens VALUES(336,14);
INSERT INTO dishes_allergens VALUES(337,7);
INSERT INTO dishes_allergens VALUES(338,1);
INSERT INTO dishes_allergens VALUES(338,3);
INSERT INTO dishes_allergens VALUES(338,7);
INSERT INTO dishes_allergens VALUES(339,7);
INSERT INTO dishes_allergens VALUES(340,7);
INSERT INTO dishes_allergens VALUES(341,1);
INSERT INTO dishes_allergens VALUES(341,7);
INSERT INTO dishes_allergens VALUES(342,1);
INSERT INTO dishes_allergens VALUES(342,3);
INSERT INTO dishes_allergens VALUES(342,7);
INSERT INTO dishes_allergens VALUES(343,7);
INSERT INTO dishes_allergens VALUES(344,7);
INSERT INTO dishes_allergens VALUES(345,7);
INSERT INTO dishes_allergens VALUES(346,7);
INSERT INTO dishes_allergens VALUES(347,1);
INSERT INTO dishes_allergens VALUES(347,7);
INSERT INTO dishes_allergens VALUES(348,7);
INSERT INTO dishes_allergens VALUES(349,7);
INSERT INTO dishes_allergens VALUES(350,7);
INSERT INTO dishes_allergens VALUES(351,7);
INSERT INTO dishes_allergens VALUES(352,1);
INSERT INTO dishes_allergens VALUES(352,3);
INSERT INTO dishes_allergens VALUES(352,7);
INSERT INTO dishes_allergens VALUES(353,2);
INSERT INTO dishes_allergens VALUES(353,4);
INSERT INTO dishes_allergens VALUES(353,14);
INSERT INTO dishes_allergens VALUES(354,7);
INSERT INTO dishes_allergens VALUES(355,7);
INSERT INTO dishes_allergens VALUES(356,7);
INSERT INTO dishes_allergens VALUES(357,1);
INSERT INTO dishes_allergens VALUES(357,7);
INSERT INTO dishes_allergens VALUES(358,14);
INSERT INTO dishes_allergens VALUES(359,7);
INSERT INTO dishes_allergens VALUES(360,7);
INSERT INTO dishes_allergens VALUES(361,7);
INSERT INTO dishes_allergens VALUES(362,7);
INSERT INTO dishes_allergens VALUES(363,1);
INSERT INTO dishes_allergens VALUES(363,3);
INSERT INTO dishes_allergens VALUES(363,7);
INSERT INTO dishes_allergens VALUES(364,7);
INSERT INTO dishes_allergens VALUES(365,1);
INSERT INTO dishes_allergens VALUES(365,7);
INSERT INTO dishes_allergens VALUES(366,1);
INSERT INTO dishes_allergens VALUES(366,3);
INSERT INTO dishes_allergens VALUES(366,7);
INSERT INTO dishes_allergens VALUES(367,7);
INSERT INTO dishes_allergens VALUES(368,7);
INSERT INTO dishes_allergens VALUES(369,2);
INSERT INTO dishes_allergens VALUES(369,4);
INSERT INTO dishes_allergens VALUES(369,14);
INSERT INTO dishes_allergens VALUES(370,7);
INSERT INTO dishes_allergens VALUES(371,1);
INSERT INTO dishes_allergens VALUES(371,3);
INSERT INTO dishes_allergens VALUES(371,7);
INSERT INTO dishes_allergens VALUES(372,7);
INSERT INTO dishes_allergens VALUES(373,7);
INSERT INTO dishes_allergens VALUES(374,7);
INSERT INTO dishes_allergens VALUES(375,1);
INSERT INTO dishes_allergens VALUES(375,7);
INSERT INTO dishes_allergens VALUES(376,1);
INSERT INTO dishes_allergens VALUES(376,7);
INSERT INTO dishes_allergens VALUES(377,1);
INSERT INTO dishes_allergens VALUES(377,7);
INSERT INTO dishes_allergens VALUES(378,1);
INSERT INTO dishes_allergens VALUES(378,7);
INSERT INTO dishes_allergens VALUES(379,2);
INSERT INTO dishes_allergens VALUES(379,4);
INSERT INTO dishes_allergens VALUES(379,14);
INSERT INTO dishes_allergens VALUES(380,14);
INSERT INTO dishes_allergens VALUES(381,1);
INSERT INTO dishes_allergens VALUES(381,3);
INSERT INTO dishes_allergens VALUES(381,7);
INSERT INTO dishes_allergens VALUES(382,7);
INSERT INTO dishes_allergens VALUES(383,7);
INSERT INTO dishes_allergens VALUES(384,7);
INSERT INTO dishes_allergens VALUES(385,7);
INSERT INTO dishes_allergens VALUES(386,7);
INSERT INTO dishes_allergens VALUES(387,7);
INSERT INTO dishes_allergens VALUES(388,7);
INSERT INTO dishes_allergens VALUES(389,2);
INSERT INTO dishes_allergens VALUES(389,4);
INSERT INTO dishes_allergens VALUES(389,14);
INSERT INTO dishes_allergens VALUES(390,7);
INSERT INTO dishes_allergens VALUES(391,7);
INSERT INTO dishes_allergens VALUES(392,1);
INSERT INTO dishes_allergens VALUES(392,3);
INSERT INTO dishes_allergens VALUES(392,7);
INSERT INTO dishes_allergens VALUES(393,1);
INSERT INTO dishes_allergens VALUES(393,7);
INSERT INTO dishes_allergens VALUES(394,7);
INSERT INTO dishes_allergens VALUES(395,1);
INSERT INTO dishes_allergens VALUES(395,7);
INSERT INTO dishes_allergens VALUES(396,7);
INSERT INTO dishes_allergens VALUES(397,1);
INSERT INTO dishes_allergens VALUES(397,3);
INSERT INTO dishes_allergens VALUES(397,7);
INSERT INTO dishes_allergens VALUES(398,7);
INSERT INTO dishes_allergens VALUES(399,7);
INSERT INTO dishes_allergens VALUES(400,14);
INSERT INTO dishes_allergens VALUES(401,7);
INSERT INTO dishes_allergens VALUES(402,1);
INSERT INTO dishes_allergens VALUES(402,3);
INSERT INTO dishes_allergens VALUES(402,7);
INSERT INTO dishes_allergens VALUES(403,7);
INSERT INTO dishes_allergens VALUES(404,7);
INSERT INTO dishes_allergens VALUES(405,1);
INSERT INTO dishes_allergens VALUES(405,3);
INSERT INTO dishes_allergens VALUES(405,7);
INSERT INTO dishes_allergens VALUES(406,7);
INSERT INTO dishes_allergens VALUES(407,7);
INSERT INTO dishes_allergens VALUES(408,2);
INSERT INTO dishes_allergens VALUES(408,14);
INSERT INTO dishes_allergens VALUES(409,7);
INSERT INTO dishes_allergens VALUES(410,7);
INSERT INTO dishes_allergens VALUES(411,1);
INSERT INTO dishes_allergens VALUES(411,3);
INSERT INTO dishes_allergens VALUES(411,7);
INSERT INTO dishes_allergens VALUES(412,7);
INSERT INTO dishes_allergens VALUES(413,7);
INSERT INTO dishes_allergens VALUES(414,7);
INSERT INTO dishes_allergens VALUES(415,2);
INSERT INTO dishes_allergens VALUES(415,4);
INSERT INTO dishes_allergens VALUES(415,14);
INSERT INTO dishes_allergens VALUES(416,2);
INSERT INTO dishes_allergens VALUES(416,4);
INSERT INTO dishes_allergens VALUES(416,14);
INSERT INTO dishes_allergens VALUES(417,2);
INSERT INTO dishes_allergens VALUES(417,4);
INSERT INTO dishes_allergens VALUES(417,14);
INSERT INTO dishes_allergens VALUES(418,2);
INSERT INTO dishes_allergens VALUES(418,4);
INSERT INTO dishes_allergens VALUES(418,14);
INSERT INTO dishes_allergens VALUES(419,4);
INSERT INTO dishes_allergens VALUES(420,2);
INSERT INTO dishes_allergens VALUES(420,4);
INSERT INTO dishes_allergens VALUES(420,14);
INSERT INTO dishes_allergens VALUES(421,2);
INSERT INTO dishes_allergens VALUES(421,4);
INSERT INTO dishes_allergens VALUES(421,14);
INSERT INTO dishes_allergens VALUES(422,2);
INSERT INTO dishes_allergens VALUES(422,4);
INSERT INTO dishes_allergens VALUES(422,14);
INSERT INTO dishes_allergens VALUES(423,1);
INSERT INTO dishes_allergens VALUES(423,3);
INSERT INTO dishes_allergens VALUES(423,7);
INSERT INTO dishes_allergens VALUES(424,7);
INSERT INTO dishes_allergens VALUES(425,7);
INSERT INTO dishes_allergens VALUES(426,1);
INSERT INTO dishes_allergens VALUES(426,3);
INSERT INTO dishes_allergens VALUES(426,7);
INSERT INTO dishes_allergens VALUES(427,7);
INSERT INTO dishes_allergens VALUES(428,1);
INSERT INTO dishes_allergens VALUES(428,3);
INSERT INTO dishes_allergens VALUES(428,7);
INSERT INTO dishes_allergens VALUES(429,2);
INSERT INTO dishes_allergens VALUES(429,4);
INSERT INTO dishes_allergens VALUES(429,14);
INSERT INTO dishes_allergens VALUES(430,2);
INSERT INTO dishes_allergens VALUES(430,14);
INSERT INTO dishes_allergens VALUES(431,7);
INSERT INTO dishes_allergens VALUES(432,7);
INSERT INTO dishes_allergens VALUES(433,1);
INSERT INTO dishes_allergens VALUES(433,3);
INSERT INTO dishes_allergens VALUES(433,7);
INSERT INTO dishes_allergens VALUES(434,7);
INSERT INTO dishes_allergens VALUES(435,1);
INSERT INTO dishes_allergens VALUES(435,3);
INSERT INTO dishes_allergens VALUES(435,7);
INSERT INTO dishes_allergens VALUES(436,7);
INSERT INTO dishes_allergens VALUES(437,7);
INSERT INTO dishes_allergens VALUES(438,2);
INSERT INTO dishes_allergens VALUES(438,14);
INSERT INTO dishes_allergens VALUES(439,7);
INSERT INTO dishes_allergens VALUES(440,7);
INSERT INTO dishes_allergens VALUES(441,7);
INSERT INTO dishes_allergens VALUES(442,1);
INSERT INTO dishes_allergens VALUES(442,3);
INSERT INTO dishes_allergens VALUES(442,7);
INSERT INTO dishes_allergens VALUES(443,1);
INSERT INTO dishes_allergens VALUES(443,3);
INSERT INTO dishes_allergens VALUES(443,7);
INSERT INTO dishes_allergens VALUES(444,7);
INSERT INTO dishes_allergens VALUES(445,2);
INSERT INTO dishes_allergens VALUES(445,4);
INSERT INTO dishes_allergens VALUES(445,14);
INSERT INTO dishes_allergens VALUES(446,7);
INSERT INTO dishes_allergens VALUES(447,1);
INSERT INTO dishes_allergens VALUES(447,3);
INSERT INTO dishes_allergens VALUES(447,7);
INSERT INTO dishes_allergens VALUES(448,2);
INSERT INTO dishes_allergens VALUES(448,4);
INSERT INTO dishes_allergens VALUES(448,14);
INSERT INTO dishes_allergens VALUES(449,1);
INSERT INTO dishes_allergens VALUES(449,3);
INSERT INTO dishes_allergens VALUES(449,7);
INSERT INTO dishes_allergens VALUES(450,7);
INSERT INTO dishes_allergens VALUES(451,2);
INSERT INTO dishes_allergens VALUES(451,14);
INSERT INTO dishes_allergens VALUES(452,7);
INSERT INTO dishes_allergens VALUES(453,7);
INSERT INTO dishes_allergens VALUES(454,1);
INSERT INTO dishes_allergens VALUES(454,3);
INSERT INTO dishes_allergens VALUES(454,7);
INSERT INTO dishes_allergens VALUES(455,3);
INSERT INTO dishes_allergens VALUES(455,7);
INSERT INTO dishes_allergens VALUES(456,3);
INSERT INTO dishes_allergens VALUES(457,1);
INSERT INTO dishes_allergens VALUES(457,7);
INSERT INTO dishes_allergens VALUES(458,1);
INSERT INTO dishes_allergens VALUES(458,7);
INSERT INTO dishes_allergens VALUES(459,7);
INSERT INTO dishes_allergens VALUES(460,7);
INSERT INTO dishes_allergens VALUES(461,7);
INSERT INTO dishes_allergens VALUES(462,1);
INSERT INTO dishes_allergens VALUES(462,3);
INSERT INTO dishes_allergens VALUES(462,7);
INSERT INTO dishes_allergens VALUES(463,7);
INSERT INTO dishes_allergens VALUES(464,7);
INSERT INTO dishes_allergens VALUES(465,3);
INSERT INTO dishes_allergens VALUES(466,3);
INSERT INTO dishes_allergens VALUES(467,1);
INSERT INTO dishes_allergens VALUES(467,7);
INSERT INTO dishes_allergens VALUES(468,7);
INSERT INTO dishes_allergens VALUES(469,7);
INSERT INTO dishes_allergens VALUES(470,1);
INSERT INTO dishes_allergens VALUES(470,3);
INSERT INTO dishes_allergens VALUES(470,7);
INSERT INTO dishes_allergens VALUES(471,4);
INSERT INTO dishes_allergens VALUES(472,7);
INSERT INTO dishes_allergens VALUES(473,1);
INSERT INTO dishes_allergens VALUES(473,3);
INSERT INTO dishes_allergens VALUES(473,7);
INSERT INTO dishes_allergens VALUES(474,7);
INSERT INTO dishes_allergens VALUES(475,7);
INSERT INTO dishes_allergens VALUES(476,7);
INSERT INTO dishes_allergens VALUES(477,7);
INSERT INTO dishes_allergens VALUES(478,1);
INSERT INTO dishes_allergens VALUES(478,3);
INSERT INTO dishes_allergens VALUES(478,7);
INSERT INTO dishes_allergens VALUES(479,1);
INSERT INTO dishes_allergens VALUES(479,3);
INSERT INTO dishes_allergens VALUES(479,7);
INSERT INTO dishes_allergens VALUES(480,7);
INSERT INTO dishes_allergens VALUES(481,2);
INSERT INTO dishes_allergens VALUES(481,14);
INSERT INTO dishes_allergens VALUES(482,7);
INSERT INTO dishes_allergens VALUES(483,1);
INSERT INTO dishes_allergens VALUES(483,3);
INSERT INTO dishes_allergens VALUES(483,7);
INSERT INTO dishes_allergens VALUES(484,7);
INSERT INTO dishes_allergens VALUES(485,1);
INSERT INTO dishes_allergens VALUES(485,3);
INSERT INTO dishes_allergens VALUES(485,7);
INSERT INTO dishes_allergens VALUES(486,7);
INSERT INTO dishes_allergens VALUES(487,1);
INSERT INTO dishes_allergens VALUES(487,3);
INSERT INTO dishes_allergens VALUES(487,7);
INSERT INTO dishes_allergens VALUES(488,7);
INSERT INTO dishes_allergens VALUES(489,7);
INSERT INTO dishes_allergens VALUES(490,7);
INSERT INTO dishes_allergens VALUES(491,1);
INSERT INTO dishes_allergens VALUES(491,3);
INSERT INTO dishes_allergens VALUES(491,7);
INSERT INTO dishes_allergens VALUES(492,2);
INSERT INTO dishes_allergens VALUES(492,14);
INSERT INTO dishes_allergens VALUES(493,7);
INSERT INTO dishes_allergens VALUES(494,7);
INSERT INTO dishes_allergens VALUES(495,1);
INSERT INTO dishes_allergens VALUES(495,3);
INSERT INTO dishes_allergens VALUES(495,7);
INSERT INTO dishes_allergens VALUES(496,7);
INSERT INTO dishes_allergens VALUES(497,7);
INSERT INTO dishes_allergens VALUES(498,7);
INSERT INTO dishes_allergens VALUES(499,1);
INSERT INTO dishes_allergens VALUES(499,3);
INSERT INTO dishes_allergens VALUES(499,7);
INSERT INTO dishes_allergens VALUES(500,2);
INSERT INTO dishes_allergens VALUES(500,14);
INSERT INTO dishes_allergens VALUES(501,7);
INSERT INTO dishes_allergens VALUES(502,7);
INSERT INTO dishes_allergens VALUES(503,1);
INSERT INTO dishes_allergens VALUES(503,3);
INSERT INTO dishes_allergens VALUES(503,7);
INSERT INTO dishes_allergens VALUES(504,7);
CREATE TABLE IF NOT EXISTS "table_reservations"(
    id_restaurant INTEGER NOT NULL,
    username TEXT NOT NULL,
    data TEXT NOT NULL, 
    hour TEXT NOT NULL,
    number_people INTEGER NOT NULL,
    special_request TEXT,
    FOREIGN KEY(id_restaurant) REFERENCES restaurants(id) ON DELETE CASCADE,
    FOREIGN KEY(username) REFERENCES users(username) ON DELETE CASCADE,
    PRIMARY KEY(username, id_restaurant, data, hour)
);
CREATE TABLE days_of_week (
    id_day INTEGER PRIMARY KEY,
    day_name TEXT NOT NULL
);
INSERT INTO days_of_week VALUES(1,'Monday');
INSERT INTO days_of_week VALUES(2,'Tuesday');
INSERT INTO days_of_week VALUES(3,'Wednesday');
INSERT INTO days_of_week VALUES(4,'Thursday');
INSERT INTO days_of_week VALUES(5,'Friday');
INSERT INTO days_of_week VALUES(6,'Saturday');
INSERT INTO days_of_week VALUES(7,'Sunday');
CREATE TABLE restaurant_closures (
    id_restaurant INTEGER NOT NULL,
    id_day INTEGER NOT NULL,
    FOREIGN KEY (id_restaurant) REFERENCES restaurants(id) ON DELETE CASCADE,
    FOREIGN KEY (id_day) REFERENCES days_of_week(id_day) ON DELETE CASCADE,
    PRIMARY KEY (id_restaurant, id_day)
);
INSERT INTO restaurant_closures VALUES(1,1);
INSERT INTO restaurant_closures VALUES(2,2);
INSERT INTO restaurant_closures VALUES(2,3);
INSERT INTO restaurant_closures VALUES(3,7);
INSERT INTO restaurant_closures VALUES(4,1);
INSERT INTO restaurant_closures VALUES(4,2);
INSERT INTO restaurant_closures VALUES(5,2);
INSERT INTO restaurant_closures VALUES(6,1);
INSERT INTO restaurant_closures VALUES(7,7);
INSERT INTO restaurant_closures VALUES(8,2);
INSERT INTO restaurant_closures VALUES(9,1);
INSERT INTO restaurant_closures VALUES(10,7);
INSERT INTO restaurant_closures VALUES(11,3);
INSERT INTO restaurant_closures VALUES(12,2);
INSERT INTO restaurant_closures VALUES(13,7);
INSERT INTO restaurant_closures VALUES(14,1);
INSERT INTO restaurant_closures VALUES(15,1);
INSERT INTO restaurant_closures VALUES(16,2);
INSERT INTO restaurant_closures VALUES(17,7);
INSERT INTO restaurant_closures VALUES(18,1);
INSERT INTO restaurant_closures VALUES(19,2);
INSERT INTO restaurant_closures VALUES(20,3);
INSERT INTO restaurant_closures VALUES(21,1);
INSERT INTO restaurant_closures VALUES(22,7);
INSERT INTO restaurant_closures VALUES(23,2);
INSERT INTO restaurant_closures VALUES(24,7);
INSERT INTO restaurant_closures VALUES(25,1);
INSERT INTO restaurant_closures VALUES(26,2);
INSERT INTO restaurant_closures VALUES(27,7);
INSERT INTO restaurant_closures VALUES(28,1);
INSERT INTO restaurant_closures VALUES(29,2);
INSERT INTO restaurant_closures VALUES(30,7);
INSERT INTO restaurant_closures VALUES(31,1);
INSERT INTO restaurant_closures VALUES(32,7);
INSERT INTO restaurant_closures VALUES(33,2);
INSERT INTO restaurant_closures VALUES(34,1);
INSERT INTO restaurant_closures VALUES(35,2);
INSERT INTO restaurant_closures VALUES(36,7);
INSERT INTO restaurant_closures VALUES(37,1);
INSERT INTO restaurant_closures VALUES(38,2);
INSERT INTO restaurant_closures VALUES(39,7);
INSERT INTO restaurant_closures VALUES(40,1);
INSERT INTO restaurant_closures VALUES(41,7);
INSERT INTO restaurant_closures VALUES(42,1);
INSERT INTO restaurant_closures VALUES(43,2);
INSERT INTO restaurant_closures VALUES(44,7);
INSERT INTO restaurant_closures VALUES(45,2);
CREATE TABLE category_dishes(
    id INTEGER NOT NULL PRIMARY KEY AUTOINCREMENT,
    name TEXT NOT NULL
);
INSERT INTO category_dishes VALUES(1,'Appetizers');
INSERT INTO category_dishes VALUES(2,'Main Courses');
INSERT INTO category_dishes VALUES(3,'Side Dishes');
INSERT INTO category_dishes VALUES(4,'Soups');
INSERT INTO category_dishes VALUES(5,'Salads');
INSERT INTO category_dishes VALUES(6,'Pasta Dishes');
INSERT INTO category_dishes VALUES(7,'Fish Dishes');
INSERT INTO category_dishes VALUES(8,'Meat Dishes');
INSERT INTO category_dishes VALUES(9,'Vegetarian Dishes');
INSERT INTO category_dishes VALUES(10,'Desserts');
INSERT INTO category_dishes VALUES(11,'Cheese');
INSERT INTO category_dishes VALUES(12,'Breads');
INSERT INTO category_dishes VALUES(13,'Grilled Dishes');
INSERT INTO category_dishes VALUES(14,'Roasts');
INSERT INTO category_dishes VALUES(15,'Stews');
INSERT INTO category_dishes VALUES(16,'Tasting Menus');
INSERT INTO category_dishes VALUES(17,'Breakfast');
INSERT INTO category_dishes VALUES(18,'Brunch');
CREATE TABLE IF NOT EXISTS "dishes"(
    id INTEGER PRIMARY KEY AUTOINCREMENT,
    name TEXT NOT NULL,
    description TEXT NOT NULL,
    price INTEGER NOT NULL,
    id_category INTEGER NOT NULL,
    id_restaurant INTEGER NOT NULL,
    UNIQUE(id, id_category, id_restaurant),
    FOREIGN KEY(id_category) REFERENCES category_dishes(id) ON DELETE CASCADE,
    FOREIGN KEY(id_restaurant) REFERENCES restaurants(id) ON DELETE CASCADE
);
INSERT INTO dishes VALUES(55,'Frittura Mista','Mixed fried seafood with calamari, shrimp, and small fish',15,7,1);
INSERT INTO dishes VALUES(56,'Gnocchi al Pesto','Homemade gnocchi served with basil pesto sauce',14,6,1);
INSERT INTO dishes VALUES(57,'Risotto ai Funghi Porcini','Risotto with porcini mushrooms and truffle oil',18,2,1);
INSERT INTO dishes VALUES(58,'Bistecca Fiorentina','Classic Florentine steak served with roasted vegetables',28,8,1);
INSERT INTO dishes VALUES(59,'Panzanella','Tuscan bread salad with tomatoes, cucumbers, and red onions',9,5,1);
INSERT INTO dishes VALUES(60,'Caponata','Sicilian vegetable stew with eggplant, tomatoes, and olives',12,3,1);
INSERT INTO dishes VALUES(61,'Torta della Nonna','Traditional Italian custard tart with pine nuts',7,10,1);
INSERT INTO dishes VALUES(62,'Gelato al Pistacchio','Pistachio gelato made with fresh pistachios',6,10,1);
INSERT INTO dishes VALUES(63,'Polenta alla Griglia','Grilled polenta served with a rich mushroom sauce',11,3,1);
INSERT INTO dishes VALUES(64,'Crostini con Fegato','Crostini topped with chicken liver pâté',9,1,1);
INSERT INTO dishes VALUES(65,'Eggs Florentine','Poached eggs served with spinach and hollandaise sauce',12,17,2);
INSERT INTO dishes VALUES(66,'Bagel with Lox and Cream Cheese','Fresh bagel topped with smoked salmon and cream cheese',10,17,2);
INSERT INTO dishes VALUES(67,'Cucumber Salad','Fresh cucumbers with yogurt dressing and dill',6,5,2);
INSERT INTO dishes VALUES(68,'Shakshuka','Poached eggs in a spiced tomato sauce with bell peppers and onions',14,17,2);
INSERT INTO dishes VALUES(69,'Pancakes with Maple Syrup','Fluffy pancakes served with butter and maple syrup',8,17,2);
INSERT INTO dishes VALUES(70,'Muffin Assortment','A selection of homemade muffins: blueberry, chocolate chip, and banana',7,12,2);
INSERT INTO dishes VALUES(71,'Granola Parfait','Granola layered with yogurt and fresh fruits',9,5,2);
INSERT INTO dishes VALUES(72,'Croque-Monsieur','Toasted ham and cheese sandwich with béchamel sauce',12,17,2);
INSERT INTO dishes VALUES(73,'Poached Pear Salad','Poached pears served on a bed of mixed greens with a balsamic glaze',8,5,2);
INSERT INTO dishes VALUES(74,'Fruit Tart','Delicate tart filled with pastry cream and topped with seasonal fruits',7,10,2);
INSERT INTO dishes VALUES(75,'Tajarin al Tartufo','Piedmontese egg pasta served with truffle sauce',20,6,3);
INSERT INTO dishes VALUES(76,'Polenta con Salsiccia','Creamy polenta topped with grilled sausage',16,3,3);
INSERT INTO dishes VALUES(77,'Pesce al Forno','Oven-baked fish with lemon, herbs, and olive oil',18,7,3);
INSERT INTO dishes VALUES(78,'Branzino alla Griglia','Grilled sea bass served with a fresh vegetable medley',24,7,3);
INSERT INTO dishes VALUES(79,'Risotto alla Milanese','Risotto cooked with saffron and served with bone marrow',19,2,3);
INSERT INTO dishes VALUES(80,'Frittata con Funghi','Egg frittata with sautéed mushrooms',9,17,3);
INSERT INTO dishes VALUES(81,'Vellutata di Zucca','Creamy pumpkin soup with a hint of cinnamon',7,4,3);
INSERT INTO dishes VALUES(82,'Crispy Pork Belly','Slow-cooked pork belly served with caramelized apples',22,8,3);
INSERT INTO dishes VALUES(83,'Macedonia di Frutta','Fresh seasonal fruit salad',5,5,3);
INSERT INTO dishes VALUES(84,'Torta di Mele','Apple cake with cinnamon and vanilla cream',7,10,3);
INSERT INTO dishes VALUES(85,'Pollo al Limone','Lemon roasted chicken with garlic and thyme',18,8,4);
INSERT INTO dishes VALUES(86,'Pasta alla Carbonara','Classic Roman pasta with eggs, pancetta, and Pecorino Romano',14,6,4);
INSERT INTO dishes VALUES(87,'Lasagna Verde','Lasagna made with spinach pasta and béchamel',16,2,4);
INSERT INTO dishes VALUES(88,'Zuppa di Fagioli','Hearty bean soup with rosemary and garlic',8,4,4);
INSERT INTO dishes VALUES(89,'Tagliatelle ai Funghi','Homemade tagliatelle served with a creamy mushroom sauce',17,6,4);
INSERT INTO dishes VALUES(90,'Risotto con Asparagi','Risotto made with fresh asparagus and parmesan',19,2,4);
INSERT INTO dishes VALUES(91,'Bistecca alla Fiorentina','Grilled Florentine steak with rosemary and olive oil',32,8,4);
INSERT INTO dishes VALUES(92,'Frittura di Pesce','Mixed fried fish with calamari and shrimp',18,7,4);
INSERT INTO dishes VALUES(93,'Panna Cotta con Frutti di Bosco','Traditional panna cotta with mixed berries',7,10,4);
INSERT INTO dishes VALUES(94,'Croissant di Mele','Pastry filled with apple and cinnamon, served warm',6,12,4);
INSERT INTO dishes VALUES(95,'Ravioli del Plin','Piedmontese ravioli stuffed with meat and served with butter and sage',16,6,5);
INSERT INTO dishes VALUES(96,'Risotto con Barolo','Risotto cooked with Barolo wine and served with wild mushrooms',22,2,5);
INSERT INTO dishes VALUES(97,'Cotechino con Lenticchie','Piedmontese sausage served with lentils',20,8,5);
INSERT INTO dishes VALUES(98,'Salmone alla Griglia','Grilled salmon with a lemon and dill sauce',18,7,5);
INSERT INTO dishes VALUES(99,'Torta di Nocciole','Hazelnut cake, a specialty of the region',7,10,5);
INSERT INTO dishes VALUES(100,'Gnocchi di Patate','Potato gnocchi served with tomato and basil sauce',14,6,5);
INSERT INTO dishes VALUES(101,'Insalata di Finocchi','Fennel salad with oranges and olive oil',9,5,5);
INSERT INTO dishes VALUES(102,'Polenta e Funghi','Polenta served with a rich mushroom sauce',12,3,5);
INSERT INTO dishes VALUES(103,'Tiramisù','Classic Italian dessert with coffee and mascarpone',8,10,5);
INSERT INTO dishes VALUES(104,'Zuppa di Pesce','Fish soup with tomatoes and saffron',16,4,5);
INSERT INTO dishes VALUES(105,'Vitello Tonnato','Veal served cold with a tuna mayonnaise sauce',14,1,6);
INSERT INTO dishes VALUES(106,'Risotto ai Frutti di Mare','Seafood risotto with shrimp, mussels, and squid',22,2,6);
INSERT INTO dishes VALUES(107,'Tagliata di Manzo','Grilled beef steak sliced and served with arugula',26,8,6);
INSERT INTO dishes VALUES(108,'Frittura di Calamari','Crispy fried squid served with lemon',12,7,6);
INSERT INTO dishes VALUES(109,'Baccalà alla Vicentina','Salted cod stewed in milk with olive oil',18,7,6);
INSERT INTO dishes VALUES(110,'Ravioli di Ricotta','Handmade ravioli filled with ricotta cheese',16,6,6);
INSERT INTO dishes VALUES(111,'Panzanella','Tuscan bread salad with tomatoes, cucumber, and onion',10,5,6);
INSERT INTO dishes VALUES(112,'Crostata al Limone','Lemon tart with a buttery crust',7,10,6);
INSERT INTO dishes VALUES(113,'Polenta con Funghi','Polenta served with sautéed mushrooms',13,3,6);
INSERT INTO dishes VALUES(114,'Grilled Vegetables','Assorted grilled vegetables with olive oil and garlic',8,3,6);
INSERT INTO dishes VALUES(115,'Pasta alla Genovese','Pasta with slow-cooked beef and onions',15,2,7);
INSERT INTO dishes VALUES(116,'Polenta e Salsiccia','Polenta served with grilled sausage',14,3,7);
INSERT INTO dishes VALUES(117,'Baccala alla Livornese','Salt cod cooked in a tomato and olive oil sauce',18,7,7);
INSERT INTO dishes VALUES(118,'Torta della Nonna','Traditional Italian custard tart with pine nuts',7,10,7);
INSERT INTO dishes VALUES(119,'Cozze alla Marinara','Mussels cooked in a garlic and tomato sauce',12,7,7);
INSERT INTO dishes VALUES(120,'Frittata di Spinaci','Spinach frittata with parmesan',8,17,7);
INSERT INTO dishes VALUES(121,'Grigliata Mista di Carne','Mixed grilled meats with rosemary and olive oil',22,8,7);
INSERT INTO dishes VALUES(122,'Zuppa di Cipolle','Onion soup with toasted bread and cheese',9,4,7);
INSERT INTO dishes VALUES(123,'Salame di Noci','Traditional walnut salami',12,5,7);
INSERT INTO dishes VALUES(124,'Tiramisu','Classic Italian dessert with coffee and mascarpone',8,10,7);
INSERT INTO dishes VALUES(125,'Bruschetta al Pomodoro','Toasted bread topped with fresh tomatoes, basil, and olive oil',7,1,8);
INSERT INTO dishes VALUES(126,'Tagliatelle al Ragù','Homemade tagliatelle served with a rich meat ragù sauce',14,6,8);
INSERT INTO dishes VALUES(127,'Risotto ai Frutti di Mare','Seafood risotto with shrimp, squid, and mussels',18,2,8);
INSERT INTO dishes VALUES(128,'Cotoletta alla Milanese','Breaded veal cutlet served with a lemon wedge',22,8,8);
INSERT INTO dishes VALUES(129,'Insalata Caprese','Fresh mozzarella, tomatoes, basil, and olive oil',9,5,8);
INSERT INTO dishes VALUES(130,'Salmone al Forno','Oven-baked salmon with herbs and lemon',20,7,8);
INSERT INTO dishes VALUES(131,'Polenta con Funghi','Grilled polenta served with sautéed mushrooms',13,3,8);
INSERT INTO dishes VALUES(132,'Risotto alla Milanese','Saffron risotto with bone marrow',19,2,8);
INSERT INTO dishes VALUES(133,'Tiramisu','Classic Italian dessert with coffee and mascarpone',8,10,8);
INSERT INTO dishes VALUES(134,'Torta al Cioccolato','Rich chocolate cake with a ganache topping',7,10,8);
INSERT INTO dishes VALUES(135,'Frittura di Calamari','Crispy fried squid served with lemon and aioli',14,7,9);
INSERT INTO dishes VALUES(136,'Linguine alle Vongole','Linguine pasta with clams, garlic, and white wine',16,6,9);
INSERT INTO dishes VALUES(137,'Risotto ai Frutti di Mare','Seafood risotto with shrimp, mussels, and squid',18,2,9);
INSERT INTO dishes VALUES(138,'Grigliata Mista di Pesce','Mixed grilled seafood including shrimp, calamari, and fish',22,7,9);
INSERT INTO dishes VALUES(139,'Zuppa di Pesce','Fish soup with tomatoes, saffron, and garlic',16,4,9);
INSERT INTO dishes VALUES(140,'Pollo al Limone','Roast chicken with lemon and rosemary',18,8,9);
INSERT INTO dishes VALUES(141,'Torta della Nonna','Traditional custard tart with pine nuts',7,10,9);
INSERT INTO dishes VALUES(142,'Melanzane alla Parmigiana','Eggplant parmigiana with mozzarella and tomato sauce',15,8,9);
INSERT INTO dishes VALUES(143,'Frittata di Zucchine','Zucchini frittata with parmesan',9,17,9);
INSERT INTO dishes VALUES(144,'Gelato al Pistacchio','Pistachio gelato made with fresh pistachios',6,10,9);
INSERT INTO dishes VALUES(145,'Risotto al Barolo','Risotto with Barolo wine and wild mushrooms',22,2,10);
INSERT INTO dishes VALUES(146,'Gnocchi al Pesto','Homemade gnocchi served with basil pesto',14,6,10);
INSERT INTO dishes VALUES(147,'Tagliata di Manzo','Grilled beef steak sliced and served with arugula',26,8,10);
INSERT INTO dishes VALUES(148,'Bistecca alla Fiorentina','Florentine-style steak served with roasted vegetables',28,8,10);
INSERT INTO dishes VALUES(149,'Insalata di Mare','Mixed seafood salad with lemon and olive oil',16,5,10);
INSERT INTO dishes VALUES(150,'Polenta con Funghi','Polenta served with wild mushrooms and truffle oil',13,3,10);
INSERT INTO dishes VALUES(151,'Frittura di Pesce','Mixed fried seafood with calamari and shrimp',18,7,10);
INSERT INTO dishes VALUES(152,'Vellutata di Zucca','Creamy pumpkin soup with a hint of cinnamon',8,4,10);
INSERT INTO dishes VALUES(153,'Tiramisu','Classic Italian dessert with coffee and mascarpone',8,10,10);
INSERT INTO dishes VALUES(154,'Gelato al Cioccolato','Rich chocolate gelato made with dark chocolate',6,10,10);
INSERT INTO dishes VALUES(155,'Lasagna alla Bolognese','Classic lasagna with layers of meat ragù and béchamel',18,2,11);
INSERT INTO dishes VALUES(156,'Caponata Siciliana','Sicilian eggplant stew with tomatoes, olives, and capers',12,3,11);
INSERT INTO dishes VALUES(157,'Pollo alla Cacciatora','Chicken cooked with tomatoes, olives, and red wine',16,8,11);
INSERT INTO dishes VALUES(158,'Pasta alla Carbonara','Pasta with eggs, pancetta, and Pecorino Romano',14,6,11);
INSERT INTO dishes VALUES(159,'Baccalà alla Vicentina','Salted cod cooked in milk with olive oil',18,7,11);
INSERT INTO dishes VALUES(160,'Risotto ai Funghi Porcini','Risotto with porcini mushrooms and truffle oil',20,2,11);
INSERT INTO dishes VALUES(161,'Panzanella','Tuscan bread salad with tomatoes, cucumbers, and red onions',9,5,11);
INSERT INTO dishes VALUES(162,'Frittata di Asparagi','Asparagus frittata with Parmesan',10,17,11);
INSERT INTO dishes VALUES(163,'Tiramisù','Classic Italian dessert with coffee and mascarpone',7,10,11);
INSERT INTO dishes VALUES(164,'Crostata di Frutta','Fruit tart with fresh seasonal fruit and custard',8,10,11);
INSERT INTO dishes VALUES(165,'Pasta al Pesto','Pasta served with basil pesto and pine nuts',14,6,12);
INSERT INTO dishes VALUES(166,'Grigliata di Carne','Mixed grilled meats with rosemary and garlic',22,8,12);
INSERT INTO dishes VALUES(167,'Gnocchi al Sugo di Pomodoro','Homemade gnocchi served with fresh tomato sauce',12,6,12);
INSERT INTO dishes VALUES(168,'Polenta e Funghi','Polenta served with sautéed wild mushrooms',14,3,12);
INSERT INTO dishes VALUES(169,'Frittura di Pesce','Mixed fried seafood with shrimp and calamari',16,7,12);
INSERT INTO dishes VALUES(170,'Zuppa di Lenticchie','Hearty lentil soup with rosemary and garlic',9,4,12);
INSERT INTO dishes VALUES(171,'Risotto al Limone','Risotto with lemon and herbs',17,2,12);
INSERT INTO dishes VALUES(172,'Melanzane alla Parmigiana','Eggplant parmigiana with mozzarella and tomato sauce',15,8,12);
INSERT INTO dishes VALUES(173,'Tiramisu','Classic Italian dessert with coffee and mascarpone',7,10,12);
INSERT INTO dishes VALUES(174,'Gelato alla Vaniglia','Vanilla gelato made with real vanilla beans',6,10,12);
INSERT INTO dishes VALUES(175,'Risotto alla Milanese','Saffron-infused risotto with bone marrow',20,2,13);
INSERT INTO dishes VALUES(176,'Frittura di Calamari','Deep-fried calamari served with aioli',15,7,13);
INSERT INTO dishes VALUES(177,'Bistecca alla Fiorentina','Grilled T-bone steak served with roasted vegetables',28,8,13);
INSERT INTO dishes VALUES(178,'Salmone al Forno','Baked salmon with lemon and capers',18,7,13);
INSERT INTO dishes VALUES(179,'Pasta alla Carbonara','Pasta with eggs, pancetta, and Pecorino Romano',14,6,13);
INSERT INTO dishes VALUES(180,'Polenta con Funghi','Grilled polenta served with sautéed wild mushrooms',13,3,13);
INSERT INTO dishes VALUES(181,'Melanzane alla Parmigiana','Eggplant baked with tomato sauce and mozzarella',15,8,13);
INSERT INTO dishes VALUES(182,'Torta al Cioccolato','Rich chocolate cake with a ganache topping',7,10,13);
INSERT INTO dishes VALUES(183,'Crostata di Mele','Apple tart with a buttery crust',8,10,13);
INSERT INTO dishes VALUES(184,'Tiramisu','Classic Italian dessert with coffee and mascarpone',7,10,13);
INSERT INTO dishes VALUES(185,'Ravioli di Carne al Burro e Salvia','Homemade ravioli filled with meat and served with butter and sage',18,6,14);
INSERT INTO dishes VALUES(186,'Risotto ai Funghi Porcini','Risotto with porcini mushrooms and truffle oil',20,2,14);
INSERT INTO dishes VALUES(187,'Grigliata di Carne','Mixed grilled meats with rosemary and garlic',24,8,14);
INSERT INTO dishes VALUES(188,'Filetto di Manzo al Pepe Verde','Beef fillet with green peppercorn sauce',30,8,14);
INSERT INTO dishes VALUES(189,'Pasta al Pomodoro','Simple pasta with fresh tomato sauce and basil',12,6,14);
INSERT INTO dishes VALUES(190,'Caponata Siciliana','Sicilian eggplant stew with tomatoes, olives, and capers',13,3,14);
INSERT INTO dishes VALUES(191,'Tiramisù','Classic Italian dessert with coffee and mascarpone',7,10,14);
INSERT INTO dishes VALUES(192,'Frittura di Pesce','Mixed fried seafood with calamari and shrimp',18,7,14);
INSERT INTO dishes VALUES(193,'Zuppa di Lenticchie','Hearty lentil soup with rosemary and garlic',8,4,14);
INSERT INTO dishes VALUES(194,'Gelato alla Stracciatella','Italian vanilla gelato with chocolate chunks',6,10,14);
INSERT INTO dishes VALUES(195,'Risotto alla Pescatora','Risotto with mixed seafood including clams, shrimp, and mussels',22,2,15);
INSERT INTO dishes VALUES(196,'Spaghetti alle Vongole','Spaghetti with clams, garlic, and olive oil',18,6,15);
INSERT INTO dishes VALUES(197,'Grigliata Mista di Pesce','Mixed grilled seafood including fish, squid, and shrimp',24,7,15);
INSERT INTO dishes VALUES(198,'Polpo alla Griglia','Grilled octopus served with lemon and olive oil',20,7,15);
INSERT INTO dishes VALUES(199,'Frittura di Calamari','Crispy fried squid served with aioli and lemon',16,7,15);
INSERT INTO dishes VALUES(200,'Tagliatelle al Ragù di Mare','Homemade tagliatelle with seafood ragù',20,6,15);
INSERT INTO dishes VALUES(201,'Vellutata di Zucca','Creamy pumpkin soup with a hint of cinnamon',9,4,15);
INSERT INTO dishes VALUES(202,'Tiramisu','Classic Italian dessert with coffee and mascarpone',7,10,15);
INSERT INTO dishes VALUES(203,'Panna Cotta','Italian cream dessert with raspberry coulis',8,10,15);
INSERT INTO dishes VALUES(204,'Insalata di Mare','Seafood salad with lemon and olive oil',14,5,15);
INSERT INTO dishes VALUES(205,'Tortellini in Brodo','Homemade tortellini served in a rich broth',18,6,16);
INSERT INTO dishes VALUES(206,'Pollo alla Cacciatora','Chicken with tomatoes, olives, and red wine',20,8,16);
INSERT INTO dishes VALUES(207,'Bistecca alla Fiorentina','T-bone steak grilled and served with roasted vegetables',28,8,16);
INSERT INTO dishes VALUES(208,'Risotto ai Funghi','Creamy risotto with wild mushrooms',19,2,16);
INSERT INTO dishes VALUES(209,'Frittata di Zucchine','Zucchini frittata with parmesan',10,17,16);
INSERT INTO dishes VALUES(210,'Lasagna alla Bolognese','Layers of pasta, meat ragù, and béchamel sauce',18,2,16);
INSERT INTO dishes VALUES(211,'Salmone al Forno','Baked salmon with herbs and lemon',22,7,16);
INSERT INTO dishes VALUES(212,'Zuppa di Fagioli','Hearty bean soup with rosemary and garlic',9,4,16);
INSERT INTO dishes VALUES(213,'Panna Cotta','Italian cream dessert with a berry coulis',8,10,16);
INSERT INTO dishes VALUES(214,'Tiramisu','Classic Italian dessert with coffee and mascarpone',7,10,16);
INSERT INTO dishes VALUES(215,'Ravioli di Ricotta e Spinaci','Homemade ravioli filled with ricotta and spinach, served with butter and sage',18,6,17);
INSERT INTO dishes VALUES(216,'Risotto al Barolo','Risotto with Barolo wine and wild mushrooms',22,2,17);
INSERT INTO dishes VALUES(217,'Tagliatelle al Ragù di Carne','Homemade tagliatelle with a rich meat ragù sauce',16,6,17);
INSERT INTO dishes VALUES(218,'Pollo al Limone','Roast chicken with lemon and rosemary',18,8,17);
INSERT INTO dishes VALUES(219,'Frittura di Pesce','Mixed fried seafood including calamari and shrimp',20,7,17);
INSERT INTO dishes VALUES(220,'Polenta con Funghi','Polenta served with sautéed wild mushrooms',13,3,17);
INSERT INTO dishes VALUES(221,'Grigliata di Carne','Mixed grilled meats served with rosemary potatoes',24,8,17);
INSERT INTO dishes VALUES(222,'Vellutata di Zucca','Creamy pumpkin soup with cinnamon',8,4,17);
INSERT INTO dishes VALUES(223,'Tiramisù','Classic Italian dessert with coffee and mascarpone',7,10,17);
INSERT INTO dishes VALUES(224,'Crostata di Frutta','Fruit tart with seasonal fruits',8,10,17);
INSERT INTO dishes VALUES(225,'Fritto Misto di Mare','Mixed fried seafood with calamari, shrimp, and white fish',22,7,18);
INSERT INTO dishes VALUES(226,'Risotto alla Milanese','Saffron-infused risotto with bone marrow',20,2,18);
INSERT INTO dishes VALUES(227,'Tagliata di Manzo','Grilled beef steak served with arugula and parmesan',26,8,18);
INSERT INTO dishes VALUES(228,'Lasagna Vegetariana','Vegetarian lasagna with ricotta, spinach, and tomato sauce',18,2,18);
INSERT INTO dishes VALUES(229,'Insalata di Mare','Seafood salad with lemon and olive oil',16,5,18);
INSERT INTO dishes VALUES(230,'Zuppa di Lenticchie','Hearty lentil soup with rosemary and garlic',8,4,18);
INSERT INTO dishes VALUES(231,'Pollo alla Cacciatora','Chicken with tomatoes, olives, and red wine',20,8,18);
INSERT INTO dishes VALUES(232,'Tiramisu','Classic Italian dessert with coffee and mascarpone',7,10,18);
INSERT INTO dishes VALUES(233,'Panna Cotta','Italian cream dessert with a raspberry coulis',8,10,18);
INSERT INTO dishes VALUES(234,'Frittata di Asparagi','Asparagus frittata with parmesan',10,17,18);
INSERT INTO dishes VALUES(235,'Risotto ai Funghi Porcini','Risotto with porcini mushrooms and truffle oil',20,2,19);
INSERT INTO dishes VALUES(236,'Tagliatelle al Ragù di Carne','Homemade tagliatelle served with a rich meat ragù sauce',16,6,19);
INSERT INTO dishes VALUES(237,'Pollo alla Cacciatora','Chicken cooked with tomatoes, olives, and red wine',20,8,19);
INSERT INTO dishes VALUES(238,'Baccalà alla Vicentina','Salted cod cooked in milk with olive oil',22,7,19);
INSERT INTO dishes VALUES(239,'Frittata di Zucchine','Zucchini frittata with parmesan',10,17,19);
INSERT INTO dishes VALUES(240,'Grigliata Mista di Carne','Mixed grilled meats served with roasted vegetables',24,8,19);
INSERT INTO dishes VALUES(241,'Pasta alla Carbonara','Pasta with eggs, pancetta, and Pecorino Romano',14,6,19);
INSERT INTO dishes VALUES(242,'Risotto al Limone','Risotto with lemon and herbs',18,2,19);
INSERT INTO dishes VALUES(243,'Tiramisu','Classic Italian dessert with coffee and mascarpone',7,10,19);
INSERT INTO dishes VALUES(244,'Gelato al Cioccolato','Rich chocolate gelato made with dark chocolate',6,10,19);
INSERT INTO dishes VALUES(245,'Risotto alla Pescatora','Risotto with mixed seafood, clams, and shrimp',22,2,20);
INSERT INTO dishes VALUES(246,'Spaghetti alle Vongole','Spaghetti with fresh clams, garlic, and olive oil',18,6,20);
INSERT INTO dishes VALUES(247,'Pollo al Limone','Roast chicken with lemon, garlic, and rosemary',20,8,20);
INSERT INTO dishes VALUES(248,'Tagliatelle al Ragù','Homemade tagliatelle with a rich Bolognese ragù',16,6,20);
INSERT INTO dishes VALUES(249,'Zuppa di Cipolle','Onion soup with melted cheese',9,4,20);
INSERT INTO dishes VALUES(250,'Lasagna Vegetariana','Vegetarian lasagna with ricotta and spinach',18,2,20);
INSERT INTO dishes VALUES(251,'Grigliata Mista di Carne','Mixed grilled meats with roasted vegetables',24,8,20);
INSERT INTO dishes VALUES(252,'Frittura di Calamari','Crispy fried squid with aioli and lemon',18,7,20);
INSERT INTO dishes VALUES(253,'Tiramisu','Classic Italian dessert with coffee and mascarpone',7,10,20);
INSERT INTO dishes VALUES(254,'Panna Cotta','Italian cream dessert with berry coulis',8,10,20);
INSERT INTO dishes VALUES(255,'Frittura di Pesce','Mixed fried seafood including calamari, shrimp, and white fish',20,7,21);
INSERT INTO dishes VALUES(256,'Risotto al Nero di Seppia','Risotto with cuttlefish ink and seafood',22,2,21);
INSERT INTO dishes VALUES(257,'Tagliata di Manzo','Grilled beef steak with arugula and parmesan',26,8,21);
INSERT INTO dishes VALUES(258,'Spaghetti alle Vongole','Spaghetti with fresh clams, garlic, and olive oil',18,6,21);
INSERT INTO dishes VALUES(259,'Pollo alla Cacciatora','Chicken stewed with tomatoes, olives, and red wine',20,8,21);
INSERT INTO dishes VALUES(260,'Lasagna al Ragù di Carne','Lasagna with a rich meat ragù and béchamel',18,2,21);
INSERT INTO dishes VALUES(261,'Zuppa di Lenticchie','Hearty lentil soup with garlic and rosemary',9,4,21);
INSERT INTO dishes VALUES(262,'Risotto ai Funghi Porcini','Risotto with porcini mushrooms and truffle oil',20,2,21);
INSERT INTO dishes VALUES(263,'Tiramisu','Classic Italian dessert with coffee and mascarpone',7,10,21);
INSERT INTO dishes VALUES(264,'Panna Cotta','Classic Italian dessert with a raspberry coulis',8,10,21);
INSERT INTO dishes VALUES(265,'Risotto alla Milanese','Risotto flavored with saffron and bone marrow',22,2,22);
INSERT INTO dishes VALUES(266,'Tagliatelle al Ragù di Cinghiale','Homemade tagliatelle with wild boar ragù',18,6,22);
INSERT INTO dishes VALUES(267,'Grigliata di Carne','Mixed grilled meats served with roasted potatoes',24,8,22);
INSERT INTO dishes VALUES(268,'Filetto di Manzo al Pepe Verde','Beef fillet with green peppercorn sauce',28,8,22);
INSERT INTO dishes VALUES(269,'Polenta con Funghi','Polenta served with wild mushrooms',13,3,22);
INSERT INTO dishes VALUES(270,'Lasagna Vegetariana','Vegetarian lasagna with ricotta, spinach, and tomato sauce',18,2,22);
INSERT INTO dishes VALUES(271,'Tiramisù','Classic Italian dessert with coffee and mascarpone',7,10,22);
INSERT INTO dishes VALUES(272,'Insalata di Mare','Seafood salad with lemon and olive oil',16,5,22);
INSERT INTO dishes VALUES(273,'Zuppa di Pomodoro','Tomato soup with fresh basil',8,4,22);
INSERT INTO dishes VALUES(274,'Risotto al Limone','Risotto with lemon and herbs',18,2,22);
INSERT INTO dishes VALUES(275,'Risotto ai Funghi Porcini','Risotto with porcini mushrooms and truffle oil',20,2,23);
INSERT INTO dishes VALUES(276,'Ravioli al Burro e Salvia','Homemade ravioli with butter and sage',18,6,23);
INSERT INTO dishes VALUES(277,'Grigliata Mista di Carne','Mixed grilled meats with rosemary potatoes',24,8,23);
INSERT INTO dishes VALUES(278,'Frittura di Calamari','Crispy fried squid served with aioli',16,7,23);
INSERT INTO dishes VALUES(279,'Pollo al Forno','Roast chicken with garlic and rosemary',20,8,23);
INSERT INTO dishes VALUES(280,'Lasagna alla Bolognese','Classic lasagna with meat ragù and béchamel',18,2,23);
INSERT INTO dishes VALUES(281,'Tagliata di Manzo','Grilled beef steak with arugula and parmesan',26,8,23);
INSERT INTO dishes VALUES(282,'Zuppa di Lenticchie','Hearty lentil soup with rosemary',9,4,23);
INSERT INTO dishes VALUES(283,'Tiramisu','Classic Italian dessert with coffee and mascarpone',7,10,23);
INSERT INTO dishes VALUES(284,'Gelato alla Vaniglia','Classic vanilla gelato',6,10,23);
INSERT INTO dishes VALUES(285,'Risotto al Barolo','Risotto with Barolo wine and wild mushrooms',22,2,24);
INSERT INTO dishes VALUES(286,'Tagliatelle al Ragù di Cinghiale','Homemade tagliatelle with wild boar ragù',18,6,24);
INSERT INTO dishes VALUES(287,'Pollo alla Cacciatora','Chicken stewed with tomatoes, olives, and red wine',20,8,24);
INSERT INTO dishes VALUES(288,'Lasagna Vegetariana','Vegetarian lasagna with ricotta, spinach, and tomato sauce',18,2,24);
INSERT INTO dishes VALUES(289,'Frittura di Pesce','Mixed fried seafood including calamari, shrimp, and squid',20,7,24);
INSERT INTO dishes VALUES(290,'Risotto ai Funghi','Risotto with wild mushrooms',19,2,24);
INSERT INTO dishes VALUES(291,'Grigliata di Carne','Mixed grilled meats served with rosemary potatoes',24,8,24);
INSERT INTO dishes VALUES(292,'Tiramisù','Classic Italian dessert with coffee and mascarpone',7,10,24);
INSERT INTO dishes VALUES(293,'Zuppa di Fagioli','Hearty bean soup with rosemary and garlic',9,4,24);
INSERT INTO dishes VALUES(294,'Gelato al Cioccolato','Rich chocolate gelato',6,10,24);
INSERT INTO dishes VALUES(295,'Risotto alla Pescatora','Risotto with mixed seafood including shrimp, clams, and mussels',22,2,25);
INSERT INTO dishes VALUES(296,'Grigliata Mista di Pesce','Mixed grilled seafood served with garlic and lemon',24,7,25);
INSERT INTO dishes VALUES(297,'Spaghetti alle Vongole','Spaghetti with fresh clams, garlic, and olive oil',18,6,25);
INSERT INTO dishes VALUES(298,'Polpo alla Griglia','Grilled octopus served with lemon and olive oil',20,7,25);
INSERT INTO dishes VALUES(299,'Zuppa di Pesce','Seafood soup with tomato broth',19,4,25);
INSERT INTO dishes VALUES(300,'Insalata di Mare','Seafood salad with lemon and olive oil',16,5,25);
INSERT INTO dishes VALUES(301,'Risotto al Nero di Seppia','Risotto with cuttlefish ink and seafood',22,2,25);
INSERT INTO dishes VALUES(302,'Tiramisù','Classic Italian dessert with coffee and mascarpone',7,10,25);
INSERT INTO dishes VALUES(303,'Frittura di Pesce','Mixed fried seafood including calamari, shrimp, and squid',18,7,25);
INSERT INTO dishes VALUES(304,'Panna Cotta','Italian cream dessert with a raspberry coulis',8,10,25);
INSERT INTO dishes VALUES(305,'Risotto al Limone','Risotto with lemon and herbs',18,2,26);
INSERT INTO dishes VALUES(306,'Tagliatelle al Ragù','Homemade tagliatelle served with meat ragù',16,6,26);
INSERT INTO dishes VALUES(307,'Bistecca alla Fiorentina','Grilled T-bone steak served with rosemary potatoes',28,8,26);
INSERT INTO dishes VALUES(308,'Lasagna Vegetariana','Vegetarian lasagna with ricotta, spinach, and tomato sauce',18,2,26);
INSERT INTO dishes VALUES(309,'Zuppa di Lenticchie','Hearty lentil soup with rosemary',9,4,26);
INSERT INTO dishes VALUES(310,'Pollo alla Cacciatora','Chicken with tomatoes, olives, and red wine',20,8,26);
INSERT INTO dishes VALUES(311,'Risotto ai Funghi','Risotto with wild mushrooms',19,2,26);
INSERT INTO dishes VALUES(312,'Tiramisu','Classic Italian dessert with coffee and mascarpone',7,10,26);
INSERT INTO dishes VALUES(313,'Panna Cotta','Italian cream dessert with a berry coulis',8,10,26);
INSERT INTO dishes VALUES(314,'Grigliata Mista di Carne','Mixed grilled meats with roasted vegetables',24,8,26);
INSERT INTO dishes VALUES(315,'Risotto ai Funghi Porcini','Risotto with porcini mushrooms and truffle oil',20,2,27);
INSERT INTO dishes VALUES(316,'Tagliatelle al Ragù di Cinghiale','Homemade tagliatelle with wild boar ragù',18,6,27);
INSERT INTO dishes VALUES(317,'Bistecca alla Fiorentina','T-bone steak grilled with rosemary and served with potatoes',28,8,27);
INSERT INTO dishes VALUES(318,'Frittura di Calamari','Crispy fried squid served with a lemon wedge',18,7,27);
INSERT INTO dishes VALUES(319,'Pollo al Limone','Roast chicken with lemon, garlic, and rosemary',20,8,27);
INSERT INTO dishes VALUES(320,'Lasagna alla Bolognese','Classic lasagna with rich Bolognese ragù and béchamel sauce',18,2,27);
INSERT INTO dishes VALUES(321,'Zuppa di Lenticchie','Hearty lentil soup with rosemary and garlic',9,4,27);
INSERT INTO dishes VALUES(322,'Risotto al Nero di Seppia','Risotto with cuttlefish ink and seafood',22,2,27);
INSERT INTO dishes VALUES(323,'Tiramisu','Classic dessert with mascarpone cheese and espresso',7,10,27);
INSERT INTO dishes VALUES(324,'Gelato alla Vaniglia','Creamy vanilla ice cream',6,10,27);
INSERT INTO dishes VALUES(325,'Fonduta Valdostana','Traditional Alpine fondue with cheese, served with bread',24,1,28);
INSERT INTO dishes VALUES(326,'Polenta con Funghi','Polenta served with wild mushrooms',16,3,28);
INSERT INTO dishes VALUES(327,'Grigliata di Carne','Mixed grilled meats with rosemary potatoes',26,8,28);
INSERT INTO dishes VALUES(328,'Risotto ai Funghi','Risotto with wild mushrooms',20,2,28);
INSERT INTO dishes VALUES(329,'Cacciatora di Cinghiale','Wild boar stewed with tomatoes, olives, and herbs',28,8,28);
INSERT INTO dishes VALUES(330,'Zuppa di Cipolle','Traditional French onion soup with melted cheese',10,4,28);
INSERT INTO dishes VALUES(331,'Torta di Mele','Apple pie with a cinnamon glaze',8,10,28);
INSERT INTO dishes VALUES(332,'Risotto al Barolo','Risotto with Barolo wine and mushrooms',22,2,28);
INSERT INTO dishes VALUES(333,'Tagliatelle ai Funghi Porcini','Homemade tagliatelle with porcini mushrooms',18,6,28);
INSERT INTO dishes VALUES(334,'Frittura di Pesce','Mixed fried seafood, including shrimp, calamari, and fish',20,7,28);
INSERT INTO dishes VALUES(335,'Risotto alla Pescatora','Seafood risotto with shrimp, clams, and mussels',22,2,29);
INSERT INTO dishes VALUES(336,'Spaghetti alle Vongole','Spaghetti with fresh clams, garlic, and olive oil',18,6,29);
INSERT INTO dishes VALUES(337,'Pollo alla Cacciatora','Chicken with tomatoes, olives, and red wine',20,8,29);
INSERT INTO dishes VALUES(338,'Tagliatelle al Ragù','Homemade tagliatelle with rich meat ragù',16,6,29);
INSERT INTO dishes VALUES(339,'Grigliata di Carne','Mixed grilled meats with roasted vegetables',24,8,29);
INSERT INTO dishes VALUES(340,'Zuppa di Fagioli','Hearty bean soup with garlic and rosemary',9,4,29);
INSERT INTO dishes VALUES(341,'Lasagna Vegetariana','Vegetarian lasagna with ricotta, spinach, and tomato sauce',18,2,29);
INSERT INTO dishes VALUES(342,'Tiramisu','Classic Italian dessert with coffee and mascarpone',7,10,29);
INSERT INTO dishes VALUES(343,'Panna Cotta','Italian cream dessert with berry coulis',8,10,29);
INSERT INTO dishes VALUES(344,'Risotto ai Funghi','Risotto with wild mushrooms',19,2,29);
INSERT INTO dishes VALUES(345,'Risotto alla Milanese','Risotto flavored with saffron and bone marrow',22,2,30);
INSERT INTO dishes VALUES(346,'Tagliata di Manzo','Grilled beef steak with arugula and parmesan',26,8,30);
INSERT INTO dishes VALUES(347,'Lasagna al Ragù','Lasagna with meat ragù and béchamel sauce',18,2,30);
INSERT INTO dishes VALUES(348,'Cacciatora di Pollo','Chicken stewed with tomatoes, olives, and herbs',20,8,30);
INSERT INTO dishes VALUES(349,'Polenta con Funghi','Polenta served with wild mushrooms',14,3,30);
INSERT INTO dishes VALUES(350,'Risotto ai Funghi Porcini','Risotto with porcini mushrooms and truffle oil',20,2,30);
INSERT INTO dishes VALUES(351,'Grigliata Mista di Carne','Mixed grilled meats with rosemary potatoes',24,8,30);
INSERT INTO dishes VALUES(352,'Tiramisu','Classic Italian dessert with coffee and mascarpone',7,10,30);
INSERT INTO dishes VALUES(353,'Frittura di Pesce','Mixed fried seafood including squid and shrimp',18,7,30);
INSERT INTO dishes VALUES(354,'Zuppa di Pomodoro','Tomato soup with fresh basil',9,4,30);
INSERT INTO dishes VALUES(355,'Bistecca alla Fiorentina','Florentine-style T-bone steak served with roasted potatoes',28,8,31);
INSERT INTO dishes VALUES(356,'Risotto ai Funghi','Risotto with wild mushrooms and truffle oil',20,2,31);
INSERT INTO dishes VALUES(357,'Lasagna al Ragù','Lasagna with a rich meat ragù and béchamel sauce',18,2,31);
INSERT INTO dishes VALUES(358,'Frittura di Calamari','Crispy fried squid served with lemon',18,7,31);
INSERT INTO dishes VALUES(359,'Tagliata di Manzo','Grilled beef steak with arugula and parmesan',26,8,31);
INSERT INTO dishes VALUES(360,'Pollo alla Cacciatora','Chicken stewed with tomatoes, olives, and red wine',20,8,31);
INSERT INTO dishes VALUES(361,'Zuppa di Fagioli','Bean soup with garlic and rosemary',9,4,31);
INSERT INTO dishes VALUES(362,'Risotto al Barolo','Risotto with Barolo wine and mushrooms',22,2,31);
INSERT INTO dishes VALUES(363,'Tiramisu','Classic Italian dessert with coffee and mascarpone',7,10,31);
INSERT INTO dishes VALUES(364,'Gelato alla Vaniglia','Vanilla ice cream served with a berry coulis',6,10,31);
INSERT INTO dishes VALUES(365,'Lasagna al Ragù','Classic lasagna with meat ragù and béchamel sauce',18,2,32);
INSERT INTO dishes VALUES(366,'Tagliatelle al Ragù di Cinghiale','Homemade tagliatelle with wild boar ragù',18,6,32);
INSERT INTO dishes VALUES(367,'Pollo alla Cacciatora','Chicken stewed with tomatoes, olives, and herbs',20,8,32);
INSERT INTO dishes VALUES(368,'Risotto ai Funghi Porcini','Risotto with porcini mushrooms',20,2,32);
INSERT INTO dishes VALUES(369,'Frittura di Pesce','Mixed fried seafood including calamari, shrimp, and fish',18,7,32);
INSERT INTO dishes VALUES(370,'Grigliata di Carne','Mixed grilled meats served with rosemary potatoes',24,8,32);
INSERT INTO dishes VALUES(371,'Tiramisu','Classic Italian dessert with mascarpone and coffee',7,10,32);
INSERT INTO dishes VALUES(372,'Zuppa di Lenticchie','Hearty lentil soup with rosemary',9,4,32);
INSERT INTO dishes VALUES(373,'Risotto al Limone','Risotto with lemon and herbs',18,2,32);
INSERT INTO dishes VALUES(374,'Gelato al Cioccolato','Chocolate gelato',6,10,32);
INSERT INTO dishes VALUES(375,'Pizza Margherita','Classic pizza with tomato, mozzarella, and basil',12,12,33);
INSERT INTO dishes VALUES(376,'Pizza Capricciosa','Pizza with ham, mushrooms, artichokes, and olives',15,12,33);
INSERT INTO dishes VALUES(377,'Pizza Quattro Stagioni','Pizza with ham, mushrooms, olives, and artichokes',16,12,33);
INSERT INTO dishes VALUES(378,'Pizza Diavola','Spicy pizza with salami and chili peppers',14,12,33);
INSERT INTO dishes VALUES(379,'Risotto alla Pescatora','Seafood risotto with shrimp, clams, and mussels',22,2,33);
INSERT INTO dishes VALUES(380,'Frittura di Calamari','Fried calamari served with lemon',18,7,33);
INSERT INTO dishes VALUES(381,'Tiramisu','Classic Italian dessert with mascarpone and coffee',7,10,33);
INSERT INTO dishes VALUES(382,'Pollo alla Cacciatora','Chicken with tomatoes, olives, and red wine',20,8,33);
INSERT INTO dishes VALUES(383,'Zuppa di Lenticchie','Lentil soup with garlic and rosemary',9,4,33);
INSERT INTO dishes VALUES(384,'Panna Cotta','Creamy dessert with vanilla and raspberry coulis',8,10,33);
INSERT INTO dishes VALUES(385,'Risotto ai Funghi','Risotto with wild mushrooms and truffle oil',22,2,34);
INSERT INTO dishes VALUES(386,'Tagliata di Manzo','Grilled beef steak served with arugula and parmesan',26,8,34);
INSERT INTO dishes VALUES(387,'Bistecca alla Fiorentina','Florentine-style T-bone steak served with rosemary potatoes',28,8,34);
INSERT INTO dishes VALUES(388,'Pollo alla Cacciatora','Chicken with tomatoes, olives, and herbs',20,8,34);
INSERT INTO dishes VALUES(389,'Frittura di Pesce','Mixed fried seafood including shrimp and calamari',20,7,34);
INSERT INTO dishes VALUES(390,'Risotto al Barolo','Risotto with Barolo wine and wild mushrooms',22,2,34);
INSERT INTO dishes VALUES(391,'Zuppa di Pomodoro','Tomato soup with fresh basil',9,4,34);
INSERT INTO dishes VALUES(392,'Tiramisu','Classic Italian dessert with mascarpone and coffee',7,10,34);
INSERT INTO dishes VALUES(393,'Lasagna al Ragù','Classic lasagna with meat ragù and béchamel',18,2,34);
INSERT INTO dishes VALUES(394,'Panna Cotta','Traditional Italian dessert with vanilla and berry sauce',8,10,34);
INSERT INTO dishes VALUES(395,'Lasagna alla Bolognese','Classic lasagna with meat ragù and béchamel sauce',18,2,35);
INSERT INTO dishes VALUES(396,'Risotto al Limone','Risotto with lemon and herbs',18,2,35);
INSERT INTO dishes VALUES(397,'Tagliatelle al Ragù di Cinghiale','Homemade tagliatelle with wild boar ragù',18,6,35);
INSERT INTO dishes VALUES(398,'Pollo alla Cacciatora','Chicken stewed with tomatoes, olives, and herbs',20,8,35);
INSERT INTO dishes VALUES(399,'Grigliata di Carne','Mixed grilled meats with rosemary potatoes',24,8,35);
INSERT INTO dishes VALUES(400,'Frittura di Calamari','Crispy fried calamari served with lemon',18,7,35);
INSERT INTO dishes VALUES(401,'Risotto ai Funghi','Risotto with wild mushrooms',19,2,35);
INSERT INTO dishes VALUES(402,'Tiramisu','Classic dessert with mascarpone and coffee',7,10,35);
INSERT INTO dishes VALUES(403,'Zuppa di Lenticchie','Hearty lentil soup with garlic and rosemary',9,4,35);
INSERT INTO dishes VALUES(404,'Panna Cotta','Traditional Italian dessert with berry sauce',8,10,35);
INSERT INTO dishes VALUES(405,'Lasagna Vegetariana','Vegetarian lasagna with ricotta, spinach, and tomato sauce',18,2,36);
INSERT INTO dishes VALUES(406,'Risotto ai Funghi','Risotto with wild mushrooms and truffle oil',20,2,36);
INSERT INTO dishes VALUES(407,'Bistecca alla Fiorentina','Florentine-style T-bone steak with roasted potatoes',28,8,36);
INSERT INTO dishes VALUES(408,'Frittura di Calamari','Crispy fried calamari served with lemon',18,7,36);
INSERT INTO dishes VALUES(409,'Risotto al Limone','Risotto with lemon zest and fresh herbs',19,2,36);
INSERT INTO dishes VALUES(410,'Pollo al Limone','Roast chicken with lemon and rosemary',20,8,36);
INSERT INTO dishes VALUES(411,'Tiramisu','Classic Italian dessert with mascarpone and coffee',7,10,36);
INSERT INTO dishes VALUES(412,'Zuppa di Lenticchie','Lentil soup with garlic and rosemary',9,4,36);
INSERT INTO dishes VALUES(413,'Tagliata di Manzo','Grilled beef steak with arugula and parmesan',26,8,36);
INSERT INTO dishes VALUES(414,'Gelato alla Vaniglia','Vanilla ice cream with berry coulis',6,10,36);
INSERT INTO dishes VALUES(415,'Risotto alla Pescatora','Seafood risotto with shrimp, clams, and mussels',22,2,37);
INSERT INTO dishes VALUES(416,'Spaghetti alle Vongole','Spaghetti with fresh clams, garlic, and olive oil',18,6,37);
INSERT INTO dishes VALUES(417,'Frittura di Pesce','Mixed fried seafood including calamari, shrimp, and fish',20,7,37);
INSERT INTO dishes VALUES(418,'Tagliatelle al Ragù di Pesce','Homemade tagliatelle with seafood ragù',18,6,37);
INSERT INTO dishes VALUES(419,'Polpo alla Griglia','Grilled octopus with lemon and olive oil',24,7,37);
INSERT INTO dishes VALUES(420,'Zuppa di Pesce','Hearty seafood soup with tomato and garlic',16,4,37);
INSERT INTO dishes VALUES(421,'Frittura Mista','Mixed fried seafood with a side of tartar sauce',22,7,37);
INSERT INTO dishes VALUES(422,'Risotto ai Frutti di Mare','Seafood risotto with shrimp, clams, and squid',20,2,37);
INSERT INTO dishes VALUES(423,'Tiramisu','Classic dessert with mascarpone and espresso',7,10,37);
INSERT INTO dishes VALUES(424,'Panna Cotta','Creamy dessert with raspberry sauce',8,10,37);
INSERT INTO dishes VALUES(425,'Risotto ai Funghi','Risotto with wild mushrooms and truffle oil',20,2,38);
INSERT INTO dishes VALUES(426,'Tagliatelle al Ragù di Cinghiale','Homemade tagliatelle with wild boar ragù',18,6,38);
INSERT INTO dishes VALUES(427,'Grigliata di Carne','Mixed grilled meats served with rosemary potatoes',24,8,38);
INSERT INTO dishes VALUES(428,'Lasagna alla Bolognese','Lasagna with rich meat ragù and béchamel sauce',18,2,38);
INSERT INTO dishes VALUES(429,'Risotto al Nero di Seppia','Risotto with cuttlefish ink and seafood',22,2,38);
INSERT INTO dishes VALUES(430,'Frittura di Calamari','Crispy fried squid served with lemon',18,7,38);
INSERT INTO dishes VALUES(431,'Pollo alla Cacciatora','Chicken stewed with tomatoes, olives, and herbs',20,8,38);
INSERT INTO dishes VALUES(432,'Zuppa di Lenticchie','Lentil soup with garlic and rosemary',9,4,38);
INSERT INTO dishes VALUES(433,'Tiramisu','Classic Italian dessert with mascarpone and coffee',7,10,38);
INSERT INTO dishes VALUES(434,'Panna Cotta','Traditional Italian dessert with vanilla and berry coulis',8,10,38);
INSERT INTO dishes VALUES(435,'Tagliatelle al Ragù','Homemade tagliatelle with rich meat ragù',16,6,39);
INSERT INTO dishes VALUES(436,'Pollo alla Cacciatora','Chicken with tomatoes, olives, and red wine',20,8,39);
INSERT INTO dishes VALUES(437,'Risotto ai Funghi','Risotto with wild mushrooms',20,2,39);
INSERT INTO dishes VALUES(438,'Frittura di Pesce','Mixed fried seafood including squid and shrimp',18,7,39);
INSERT INTO dishes VALUES(439,'Risotto al Limone','Risotto with lemon and herbs',19,2,39);
INSERT INTO dishes VALUES(440,'Bistecca alla Fiorentina','Florentine-style T-bone steak served with roasted potatoes',28,8,39);
INSERT INTO dishes VALUES(441,'Zuppa di Lenticchie','Lentil soup with garlic and rosemary',9,4,39);
INSERT INTO dishes VALUES(442,'Lasagna Vegetariana','Vegetarian lasagna with ricotta, spinach, and tomato sauce',18,2,39);
INSERT INTO dishes VALUES(443,'Tiramisu','Classic Italian dessert with mascarpone and coffee',7,10,39);
INSERT INTO dishes VALUES(444,'Panna Cotta','Creamy dessert with vanilla and raspberry coulis',8,10,39);
INSERT INTO dishes VALUES(445,'Risotto alla Pescatora','Seafood risotto with shrimp, clams, and mussels',22,2,40);
INSERT INTO dishes VALUES(446,'Grigliata di Carne','Mixed grilled meats with rosemary potatoes',24,8,40);
INSERT INTO dishes VALUES(447,'Tagliatelle al Ragù','Homemade tagliatelle with rich meat ragù',18,6,40);
INSERT INTO dishes VALUES(448,'Risotto al Nero di Seppia','Risotto with cuttlefish ink and seafood',22,2,40);
INSERT INTO dishes VALUES(449,'Lasagna al Ragù','Lasagna with meat ragù and béchamel sauce',18,2,40);
INSERT INTO dishes VALUES(450,'Pollo alla Cacciatora','Chicken stewed with tomatoes, olives, and red wine',20,8,40);
INSERT INTO dishes VALUES(451,'Frittura di Calamari','Crispy fried calamari served with lemon',18,7,40);
INSERT INTO dishes VALUES(452,'Zuppa di Lenticchie','Lentil soup with garlic and rosemary',9,4,40);
INSERT INTO dishes VALUES(453,'Bistecca alla Fiorentina','Florentine-style T-bone steak served with roasted potatoes',28,8,40);
INSERT INTO dishes VALUES(454,'Tiramisu','Classic Italian dessert with mascarpone and coffee',7,10,40);
INSERT INTO dishes VALUES(455,'Omelette con Funghi','Omelette with wild mushrooms and cheese',12,1,41);
INSERT INTO dishes VALUES(456,'Avocado Toast','Toast with avocado, poached egg, and cherry tomatoes',10,1,41);
INSERT INTO dishes VALUES(457,'Croissant alla Marmellata','Fresh croissant with strawberry jam',6,12,41);
INSERT INTO dishes VALUES(458,'Pizza Margherita','Classic pizza with tomato, mozzarella, and basil',12,12,41);
INSERT INTO dishes VALUES(459,'Risotto al Limone','Risotto with lemon zest and fresh herbs',19,2,41);
INSERT INTO dishes VALUES(460,'Pollo al Limone','Roast chicken with lemon and rosemary',20,8,41);
INSERT INTO dishes VALUES(461,'Grigliata di Carne','Mixed grilled meats with rosemary potatoes',24,8,41);
INSERT INTO dishes VALUES(462,'Tiramisu','Classic Italian dessert with mascarpone and coffee',7,10,41);
INSERT INTO dishes VALUES(463,'Risotto ai Funghi','Risotto with wild mushrooms and truffle oil',20,2,41);
INSERT INTO dishes VALUES(464,'Gelato alla Vaniglia','Vanilla ice cream with berry coulis',6,10,41);
INSERT INTO dishes VALUES(465,'Toast con Uova e Avocado','Toast with avocado, scrambled eggs, and a sprinkle of chives',12,1,42);
INSERT INTO dishes VALUES(466,'Uova al Poché','Poached eggs served with spinach and hollandaise sauce',14,1,42);
INSERT INTO dishes VALUES(467,'Pizza Quattro Stagioni','Pizza with ham, mushrooms, olives, and artichokes',14,12,42);
INSERT INTO dishes VALUES(468,'Risotto ai Funghi','Risotto with wild mushrooms and truffle oil',20,2,42);
INSERT INTO dishes VALUES(469,'Bistecca alla Fiorentina','Florentine-style T-bone steak with roasted potatoes',28,8,42);
INSERT INTO dishes VALUES(470,'Lasagna al Ragù','Classic lasagna with meat ragù and béchamel sauce',18,2,42);
INSERT INTO dishes VALUES(471,'Grigliata di Pesce','Mixed grilled fish with lemon and olive oil',22,7,42);
INSERT INTO dishes VALUES(472,'Risotto al Limone','Risotto with lemon and herbs',19,2,42);
INSERT INTO dishes VALUES(473,'Tiramisu','Classic dessert with mascarpone and coffee',7,10,42);
INSERT INTO dishes VALUES(474,'Zuppa di Lenticchie','Hearty lentil soup with garlic and rosemary',9,4,42);
INSERT INTO dishes VALUES(475,'Risotto ai Funghi','Risotto with wild mushrooms and truffle oil',20,2,43);
INSERT INTO dishes VALUES(476,'Pollo al Limone','Roast chicken with lemon and rosemary',20,8,43);
INSERT INTO dishes VALUES(477,'Bistecca alla Fiorentina','Florentine-style T-bone steak served with roasted potatoes',28,8,43);
INSERT INTO dishes VALUES(478,'Tagliatelle al Ragù di Cinghiale','Homemade tagliatelle with wild boar ragù',18,6,43);
INSERT INTO dishes VALUES(479,'Lasagna alla Bolognese','Classic lasagna with meat ragù and béchamel',18,2,43);
INSERT INTO dishes VALUES(480,'Risotto al Limone','Risotto with lemon zest and fresh herbs',19,2,43);
INSERT INTO dishes VALUES(481,'Frittura di Pesce','Crispy fried seafood with a lemon wedge',18,7,43);
INSERT INTO dishes VALUES(482,'Zuppa di Lenticchie','Lentil soup with garlic and rosemary',9,4,43);
INSERT INTO dishes VALUES(483,'Tiramisu','Classic Italian dessert with mascarpone and coffee',7,10,43);
INSERT INTO dishes VALUES(484,'Panna Cotta','Creamy vanilla dessert with raspberry coulis',8,10,43);
INSERT INTO dishes VALUES(485,'Lasagna alla Bolognese','Traditional lasagna with rich meat ragù and béchamel',18,2,44);
INSERT INTO dishes VALUES(486,'Risotto ai Funghi','Risotto with wild mushrooms and truffle oil',20,2,44);
INSERT INTO dishes VALUES(487,'Tagliatelle al Ragù','Homemade tagliatelle with meat ragù',18,6,44);
INSERT INTO dishes VALUES(488,'Pollo alla Cacciatora','Chicken stewed with tomatoes, olives, and herbs',20,8,44);
INSERT INTO dishes VALUES(489,'Grigliata di Carne','Mixed grilled meats served with rosemary potatoes',24,8,44);
INSERT INTO dishes VALUES(490,'Risotto al Limone','Risotto with lemon and fresh herbs',19,2,44);
INSERT INTO dishes VALUES(491,'Tiramisu','Classic dessert with mascarpone and coffee',7,10,44);
INSERT INTO dishes VALUES(492,'Frittura di Calamari','Crispy fried squid served with lemon',18,7,44);
INSERT INTO dishes VALUES(493,'Zuppa di Lenticchie','Lentil soup with garlic and rosemary',9,4,44);
INSERT INTO dishes VALUES(494,'Panna Cotta','Creamy dessert with vanilla and berry coulis',8,10,44);
INSERT INTO dishes VALUES(495,'Tagliatelle al Ragù di Cinghiale','Homemade tagliatelle with wild boar ragù',18,6,45);
INSERT INTO dishes VALUES(496,'Bistecca alla Fiorentina','Florentine-style T-bone steak with roasted potatoes',28,8,45);
INSERT INTO dishes VALUES(497,'Risotto ai Funghi','Risotto with wild mushrooms and truffle oil',20,2,45);
INSERT INTO dishes VALUES(498,'Pollo al Limone','Roast chicken with lemon and rosemary',20,8,45);
INSERT INTO dishes VALUES(499,'Lasagna al Ragù','Classic lasagna with meat ragù and béchamel sauce',18,2,45);
INSERT INTO dishes VALUES(500,'Frittura di Calamari','Mixed fried seafood including calamari and shrimp',18,7,45);
INSERT INTO dishes VALUES(501,'Zuppa di Lenticchie','Lentil soup with garlic and rosemary',9,4,45);
INSERT INTO dishes VALUES(502,'Risotto al Limone','Risotto with lemon zest and fresh herbs',19,2,45);
INSERT INTO dishes VALUES(503,'Tiramisu','Classic Italian dessert with mascarpone and espresso',7,10,45);
INSERT INTO dishes VALUES(504,'Panna Cotta','Creamy dessert with raspberry sauce',8,10,45);
CREATE TABLE IF NOT EXISTS "culinary_experience_reservations"(
    id_restaurant INTEGER NOT NULL,
    username TEXT NOT NULL,
    data TEXT NOT NULL, 
    number_people INTEGER NOT NULL,
    price INTEGER NOT NULL,
    id_language_selected INTEGER NOT NULL,
    FOREIGN KEY(id_restaurant) REFERENCES restaurants(id) ON DELETE CASCADE,
    FOREIGN KEY(username) REFERENCES users(username) ON DELETE CASCADE,
    FOREIGN KEY(id_language_selected) REFERENCES languages(id) ON DELETE CASCADE,
    PRIMARY KEY(username, id_restaurant, data)
);
CREATE TABLE IF NOT EXISTS "favorites"(
    username TEXT NOT NULL,
    id_restaurant INTEGER NOT NULL,
    FOREIGN KEY(username) REFERENCES users(username) ON DELETE CASCADE,
    FOREIGN KEY(id_restaurant) REFERENCES restaurants(id) ON DELETE CASCADE,
    PRIMARY KEY(username, id_restaurant)
);
INSERT INTO favorites VALUES('giacomo_gugu',1);
INSERT INTO favorites VALUES('giacomo_gugu',2);
INSERT INTO favorites VALUES('giacomo_gugu',3);
INSERT INTO favorites VALUES('giacomo_gugu',4);
INSERT INTO favorites VALUES('giacomo_gugu',5);
INSERT INTO favorites VALUES('giacomo_gugu',6);
INSERT INTO favorites VALUES('giacomo_gugu',7);
INSERT INTO favorites VALUES('giacomo_gugu',8);
INSERT INTO favorites VALUES('giacomo_gugu',9);
CREATE TABLE IF NOT EXISTS "restaurants"(
    id INTEGER NOT NULL PRIMARY KEY AUTOINCREMENT,
    name TEXT NOT NULL,
    description TEXT NOT NULL,
    address TEXT NOT NULL,
    capacity INTEGER NOT NULL,
    culinary_experience INTEGER NOT NULL, -- 0 if it has not the culinary_experience, 1 otherwise
    phone_number TEXT NOT NULL
);
INSERT INTO restaurants VALUES(1,'La Dolce Vita','An elegant dining experience offering traditional Italian dishes with a contemporary flair.','Via del Gusto 20, Torino, TO',60,1,'011-2233445');
INSERT INTO restaurants VALUES(2,'Piazza del Gusto','A cozy bistro located in the heart of Torino, specializing in Mediterranean cuisine with fresh ingredients.','Piazza San Carlo, Torino, TO',45,0,'011-3344556');
INSERT INTO restaurants VALUES(3,'Cucina di Torino','A family-friendly restaurant focusing on authentic Turin and Piedmontese recipes with a modern touch.','Corso Vittorio Emanuele II 100, Torino, TO',70,1,'011-4455667');
INSERT INTO restaurants VALUES(4,'Al Mulino Ristorante','A charming restaurant by the river serving freshly prepared pasta dishes and local wines.','Via Po 75, Torino, TO',50,0,'011-5566778');
INSERT INTO restaurants VALUES(5,'Ristorante Il Piemonte','Serving the best of Piedmont''s culinary tradition, from agnolotti to brasato al Barolo.','Corso Francia 50, Torino, TO',80,1,'011-6677889');
INSERT INTO restaurants VALUES(6,'La Cantina del Vino','A refined restaurant offering an extensive wine list paired with delicious regional dishes.','Via Garibaldi 20, Torino, TO',40,1,'011-7788990');
INSERT INTO restaurants VALUES(7,'Trattoria Vecchia Torino','A traditional trattoria with a rustic atmosphere, specializing in hearty Piedmontese meals.','Via Roma 80, Torino, TO',60,0,'011-8899001');
INSERT INTO restaurants VALUES(8,'Bistrot del Centro','A modern bistro offering a fusion of Italian and French cuisine in a chic, intimate setting.','Piazza del Duomo, Torino, TO',35,1,'011-9900112');
INSERT INTO restaurants VALUES(9,'Ristorante Mare e Monti','Combining the best of the mountains and the sea, this restaurant serves fresh seafood and meat dishes.','Lungofiume 10, Torino, TO',75,1,'011-1011122');
INSERT INTO restaurants VALUES(10,'La Tavola del Re','A royal-inspired restaurant where guests can enjoy luxury dining with seasonal ingredients.','Corso Vittorio Emanuele II 150, Torino, TO',50,1,'011-2122233');
INSERT INTO restaurants VALUES(11,'Osteria Al Vecchio Forno','A cozy osteria known for its wood-fired pizzas and delicious homemade pastas.','Via Po 30, Torino, TO',40,0,'011-3233344');
INSERT INTO restaurants VALUES(12,'Sogno di Torino','A dreamy restaurant offering traditional Italian comfort food with a creative twist.','Via dei Sogni 25, Torino, TO',60,1,'011-4344455');
INSERT INTO restaurants VALUES(13,'Le Delizie di Torino','An upscale restaurant serving gourmet Italian dishes with a focus on local and organic produce.','Piazza Castello, Torino, TO',80,1,'011-5455566');
INSERT INTO restaurants VALUES(14,'Caffè dei Portici','A historic café serving classic Italian pastries, light meals, and excellent coffee in a scenic piazza.','Piazza San Carlo, Torino, TO',100,0,'011-6566677');
INSERT INTO restaurants VALUES(15,'Ristorante Sapore di Mare','A fresh and vibrant seafood restaurant offering Mediterranean-style fish dishes.','Via Marittima 12, Torino, TO',70,1,'011-7677788');
INSERT INTO restaurants VALUES(16,'L''Antica Trattoria','A beloved family-run trattoria offering delicious home-cooked meals and a welcoming atmosphere.','Corso Duca degli Abruzzi 30, Torino, TO',45,0,'011-8788899');
INSERT INTO restaurants VALUES(17,'Gusto e Passione','A restaurant that blends traditional and contemporary flavors, emphasizing passion for fine cuisine.','Via delle Passioni 10, Torino, TO',55,1,'011-9899000');
INSERT INTO restaurants VALUES(18,'Ristorante Al Mercato','Located near the local market, this restaurant prides itself on using only the freshest seasonal ingredients.','Piazza del Mercato 45, Torino, TO',65,1,'011-1011123');
INSERT INTO restaurants VALUES(19,'La Piazza di Torino','A charming piazza-side restaurant offering a variety of classic Italian dishes with a view.','Piazza del Popolo, Torino, TO',50,0,'011-1112134');
INSERT INTO restaurants VALUES(20,'Trattoria San Giovanni','A traditional trattoria known for its rich, flavorful sauces and authentic Piedmontese cuisine.','Via San Giovanni 25, Torino, TO',40,0,'011-1213145');
INSERT INTO restaurants VALUES(21,'Boccondivino','A refined yet casual dining experience offering authentic Italian dishes with a modern presentation.','Via Bocconi 15, Torino, TO',55,1,'011-1314156');
INSERT INTO restaurants VALUES(22,'Ristorante Il Giardino','A delightful garden restaurant where you can enjoy gourmet meals surrounded by greenery.','Via dei Giardini 50, Torino, TO',30,1,'011-1415167');
INSERT INTO restaurants VALUES(23,'La Locanda di Torino','A charming inn offering a blend of Italian and French-inspired dishes in a cozy setting.','Corso di Francia 150, Torino, TO',40,1,'011-1516178');
INSERT INTO restaurants VALUES(24,'Trattoria del Buon Gusto','A welcoming trattoria offering hearty meals made from local, high-quality ingredients.','Via del Gusto 50, Torino, TO',50,0,'011-1617189');
INSERT INTO restaurants VALUES(25,'Cucina di Mare','Specializing in seafood dishes with a Mediterranean twist, this restaurant is perfect for fish lovers.','Piazza del Mare 5, Torino, TO',70,1,'011-1718190');
INSERT INTO restaurants VALUES(26,'Ristorante L''Accademia','A fine dining restaurant known for its modern interpretations of traditional Italian dishes, in a sophisticated setting.','Via Accademia 10, Torino, TO',50,1,'011-2020304');
INSERT INTO restaurants VALUES(27,'La Trattoria del Borgo','A traditional trattoria offering home-style meals with a focus on seasonal, locally sourced ingredients.','Piazza del Borgo 15, Torino, TO',60,0,'011-2121221');
INSERT INTO restaurants VALUES(28,'Il Rifugio delle Alpi','A mountain-inspired restaurant offering hearty Alpine dishes with warm, comforting flavors.','Corso Alpini 25, Torino, TO',45,1,'011-2323232');
INSERT INTO restaurants VALUES(29,'Caffè e Cucina','A cozy café that serves a wide range of Italian snacks and meals, perfect for a quick and satisfying bite.','Piazza del Caffè 5, Torino, TO',70,0,'011-2424243');
INSERT INTO restaurants VALUES(30,'Ristorante Al Tramonto','A charming restaurant with a terrace offering stunning sunset views, serving Mediterranean-inspired dishes.','Via Tramonto 30, Torino, TO',80,1,'011-2525254');
INSERT INTO restaurants VALUES(31,'Cucina Fiorentina','A restaurant specializing in Tuscan cuisine, offering fresh pastas, grilled meats, and fine wines.','Via Fiorentina 50, Torino, TO',45,1,'011-2626265');
INSERT INTO restaurants VALUES(32,'La Cucina di Nonna','A family-friendly restaurant that brings the flavors of traditional Italian grandmothers'' kitchens to the table.','Piazza Nonna 20, Torino, TO',60,0,'011-2727276');
INSERT INTO restaurants VALUES(33,'Pizzeria Da Michele','A popular pizzeria known for its wood-fired pizzas and authentic Neapolitan-style dough.','Via Michele 10, Torino, TO',50,0,'011-2828287');
INSERT INTO restaurants VALUES(34,'Ristorante Eleganza','A chic, elegant restaurant offering a fusion of Italian and French cuisine, perfect for special occasions.','Via Elegante 15, Torino, TO',30,1,'011-2929298');
INSERT INTO restaurants VALUES(35,'La Bottega del Gusto','A rustic and cozy restaurant known for its selection of local cheeses, cured meats, and rustic wines.','Corso Gusto 10, Torino, TO',40,0,'011-3030309');
INSERT INTO restaurants VALUES(36,'Sapore e Passione','A warm, inviting restaurant offering Mediterranean-inspired cuisine with a focus on fresh, organic ingredients.','Piazza del Gusto 30, Torino, TO',55,1,'011-3131310');
INSERT INTO restaurants VALUES(37,'L''Osteria del Mare','A seafood-focused osteria offering an extensive menu of fish and shellfish dishes, prepared with seasonal ingredients.','Corso del Mare 20, Torino, TO',45,1,'011-3232321');
INSERT INTO restaurants VALUES(38,'Le Perle di Torino','A fine-dining restaurant offering a sophisticated atmosphere and a menu based on Piedmontese culinary traditions.','Via delle Perle 5, Torino, TO',40,1,'011-3333332');
INSERT INTO restaurants VALUES(39,'Il Gatto','A whimsical, casual eatery offering traditional Italian dishes with a twist of fun and creativity.','Via Volpe 10, Torino, TO',30,0,'011-3434343');
INSERT INTO restaurants VALUES(40,'Trattoria Le Colline','A rustic trattoria nestled in the hills, specializing in farm-to-table meals made with the freshest ingredients.','Corso delle Colline 25, Torino, TO',50,1,'011-3535354');
INSERT INTO restaurants VALUES(41,'La Dolce Tavola','A dessert-centric restaurant offering a variety of homemade cakes, pastries, and fine Italian coffee.','Via Dolce 50, Torino, TO',20,0,'011-3636365');
INSERT INTO restaurants VALUES(42,'Ristorante Al Verde','A charming green-themed restaurant offering a farm-to-table experience with a focus on sustainability.','Piazza Verde 15, Torino, TO',60,1,'011-3737376');
INSERT INTO restaurants VALUES(43,'Bistrot La Vigna','A sophisticated bistro with an extensive wine list, serving regional dishes and gourmet meals.','Via della Vigna 25, Torino, TO',50,1,'011-3838387');
INSERT INTO restaurants VALUES(44,'Cucina della Nonna','A nostalgic restaurant offering classic Italian comfort food, just like grandma used to make.','Corso della Nonna 20, Torino, TO',40,0,'011-3939398');
INSERT INTO restaurants VALUES(45,'Ristorante Galleria','Located in a historical gallery, this restaurant combines art and dining, offering a unique cultural experience.','Via della Galleria 35, Torino, TO',50,1,'011-4040409');
CREATE TABLE tags(
    id INTEGER NOT NULL PRIMARY KEY AUTOINCREMENT,
    name TEXT NOT NULL
);
INSERT INTO tags VALUES(12,'Traditional');
INSERT INTO tags VALUES(13,'Pizza');
INSERT INTO tags VALUES(14,'Pasta');
INSERT INTO tags VALUES(15,'Sushi');
INSERT INTO tags VALUES(16,'Vegan');
INSERT INTO tags VALUES(17,'Vegetarian');
INSERT INTO tags VALUES(18,'Gluten-Free');
INSERT INTO tags VALUES(19,'Lactose-Free');
INSERT INTO tags VALUES(20,'Salads');
INSERT INTO tags VALUES(21,'Local');
INSERT INTO tags VALUES(22,'Modern');
INSERT INTO tags VALUES(23,'Cafeteria');
INSERT INTO tags VALUES(25,'Gourmet');
INSERT INTO tags VALUES(26,'Fish');
INSERT INTO tags VALUES(27,'Local');
CREATE TABLE tags_restaurants(
    id_tag INTEGER NOT NULL,
    id_restaurant TEXT NOT NULL,
    PRIMARY KEY(id_tag, id_restaurant),
    FOREIGN KEY(id_tag) REFERENCES tags(id) ON DELETE CASCADE,
    FOREIGN KEY(id_restaurant) REFERENCES restaurants(id) ON DELETE CASCADE
);
INSERT INTO tags_restaurants VALUES(25,'1');
INSERT INTO tags_restaurants VALUES(26,'1');
INSERT INTO tags_restaurants VALUES(23,'2');
INSERT INTO tags_restaurants VALUES(18,'2');
INSERT INTO tags_restaurants VALUES(17,'2');
INSERT INTO tags_restaurants VALUES(20,'2');
INSERT INTO tags_restaurants VALUES(27,'3');
INSERT INTO tags_restaurants VALUES(14,'3');
INSERT INTO tags_restaurants VALUES(18,'3');
INSERT INTO tags_restaurants VALUES(25,'3');
INSERT INTO tags_restaurants VALUES(27,'4');
INSERT INTO tags_restaurants VALUES(16,'4');
INSERT INTO tags_restaurants VALUES(17,'4');
INSERT INTO tags_restaurants VALUES(23,'4');
INSERT INTO tags_restaurants VALUES(26,'4');
INSERT INTO tags_restaurants VALUES(14,'5');
INSERT INTO tags_restaurants VALUES(26,'5');
INSERT INTO tags_restaurants VALUES(25,'5');
INSERT INTO tags_restaurants VALUES(18,'5');
INSERT INTO tags_restaurants VALUES(21,'5');
INSERT INTO tags_restaurants VALUES(26,'6');
INSERT INTO tags_restaurants VALUES(14,'6');
INSERT INTO tags_restaurants VALUES(20,'6');
INSERT INTO tags_restaurants VALUES(18,'6');
INSERT INTO tags_restaurants VALUES(12,'7');
INSERT INTO tags_restaurants VALUES(14,'7');
INSERT INTO tags_restaurants VALUES(26,'7');
INSERT INTO tags_restaurants VALUES(18,'7');
INSERT INTO tags_restaurants VALUES(12,'8');
INSERT INTO tags_restaurants VALUES(14,'8');
INSERT INTO tags_restaurants VALUES(26,'8');
INSERT INTO tags_restaurants VALUES(18,'8');
INSERT INTO tags_restaurants VALUES(12,'9');
INSERT INTO tags_restaurants VALUES(26,'9');
INSERT INTO tags_restaurants VALUES(18,'9');
INSERT INTO tags_restaurants VALUES(19,'9');
INSERT INTO tags_restaurants VALUES(25,'9');
INSERT INTO tags_restaurants VALUES(12,'10');
INSERT INTO tags_restaurants VALUES(14,'10');
INSERT INTO tags_restaurants VALUES(18,'10');
INSERT INTO tags_restaurants VALUES(19,'10');
INSERT INTO tags_restaurants VALUES(20,'10');
INSERT INTO tags_restaurants VALUES(26,'10');
INSERT INTO tags_restaurants VALUES(25,'10');
INSERT INTO tags_restaurants VALUES(12,'11');
INSERT INTO tags_restaurants VALUES(14,'11');
INSERT INTO tags_restaurants VALUES(18,'11');
INSERT INTO tags_restaurants VALUES(26,'11');
INSERT INTO tags_restaurants VALUES(14,'12');
INSERT INTO tags_restaurants VALUES(19,'12');
INSERT INTO tags_restaurants VALUES(26,'12');
INSERT INTO tags_restaurants VALUES(17,'12');
INSERT INTO tags_restaurants VALUES(12,'13');
INSERT INTO tags_restaurants VALUES(14,'13');
INSERT INTO tags_restaurants VALUES(26,'13');
INSERT INTO tags_restaurants VALUES(17,'13');
INSERT INTO tags_restaurants VALUES(14,'14');
INSERT INTO tags_restaurants VALUES(18,'14');
INSERT INTO tags_restaurants VALUES(26,'14');
INSERT INTO tags_restaurants VALUES(25,'14');
INSERT INTO tags_restaurants VALUES(12,'15');
INSERT INTO tags_restaurants VALUES(26,'15');
INSERT INTO tags_restaurants VALUES(14,'15');
INSERT INTO tags_restaurants VALUES(18,'15');
INSERT INTO tags_restaurants VALUES(19,'15');
INSERT INTO tags_restaurants VALUES(20,'15');
INSERT INTO tags_restaurants VALUES(27,'15');
INSERT INTO tags_restaurants VALUES(25,'15');
INSERT INTO tags_restaurants VALUES(18,'16');
INSERT INTO tags_restaurants VALUES(19,'16');
INSERT INTO tags_restaurants VALUES(25,'16');
INSERT INTO tags_restaurants VALUES(26,'16');
INSERT INTO tags_restaurants VALUES(12,'17');
INSERT INTO tags_restaurants VALUES(14,'17');
INSERT INTO tags_restaurants VALUES(26,'17');
INSERT INTO tags_restaurants VALUES(17,'17');
INSERT INTO tags_restaurants VALUES(25,'18');
INSERT INTO tags_restaurants VALUES(17,'18');
INSERT INTO tags_restaurants VALUES(12,'19');
INSERT INTO tags_restaurants VALUES(14,'19');
INSERT INTO tags_restaurants VALUES(26,'19');
INSERT INTO tags_restaurants VALUES(18,'19');
INSERT INTO tags_restaurants VALUES(12,'20');
INSERT INTO tags_restaurants VALUES(14,'20');
INSERT INTO tags_restaurants VALUES(26,'20');
INSERT INTO tags_restaurants VALUES(26,'21');
INSERT INTO tags_restaurants VALUES(14,'21');
INSERT INTO tags_restaurants VALUES(12,'21');
INSERT INTO tags_restaurants VALUES(20,'22');
INSERT INTO tags_restaurants VALUES(12,'22');
INSERT INTO tags_restaurants VALUES(26,'22');
INSERT INTO tags_restaurants VALUES(17,'22');
INSERT INTO tags_restaurants VALUES(12,'23');
INSERT INTO tags_restaurants VALUES(26,'23');
INSERT INTO tags_restaurants VALUES(17,'23');
INSERT INTO tags_restaurants VALUES(12,'24');
INSERT INTO tags_restaurants VALUES(17,'24');
INSERT INTO tags_restaurants VALUES(26,'24');
INSERT INTO tags_restaurants VALUES(26,'25');
INSERT INTO tags_restaurants VALUES(14,'25');
INSERT INTO tags_restaurants VALUES(14,'24');
INSERT INTO tags_restaurants VALUES(20,'25');
INSERT INTO tags_restaurants VALUES(18,'25');
INSERT INTO tags_restaurants VALUES(17,'26');
INSERT INTO tags_restaurants VALUES(18,'26');
INSERT INTO tags_restaurants VALUES(19,'26');
INSERT INTO tags_restaurants VALUES(14,'26');
INSERT INTO tags_restaurants VALUES(18,'27');
INSERT INTO tags_restaurants VALUES(19,'27');
INSERT INTO tags_restaurants VALUES(14,'27');
INSERT INTO tags_restaurants VALUES(26,'27');
INSERT INTO tags_restaurants VALUES(21,'28');
INSERT INTO tags_restaurants VALUES(26,'28');
INSERT INTO tags_restaurants VALUES(14,'28');
INSERT INTO tags_restaurants VALUES(26,'29');
INSERT INTO tags_restaurants VALUES(19,'29');
INSERT INTO tags_restaurants VALUES(17,'29');
INSERT INTO tags_restaurants VALUES(14,'29');
INSERT INTO tags_restaurants VALUES(18,'30');
INSERT INTO tags_restaurants VALUES(14,'30');
INSERT INTO tags_restaurants VALUES(26,'30');
INSERT INTO tags_restaurants VALUES(26,'31');
INSERT INTO tags_restaurants VALUES(18,'31');
INSERT INTO tags_restaurants VALUES(14,'31');
INSERT INTO tags_restaurants VALUES(21,'31');
INSERT INTO tags_restaurants VALUES(14,'32');
INSERT INTO tags_restaurants VALUES(12,'32');
INSERT INTO tags_restaurants VALUES(18,'32');
INSERT INTO tags_restaurants VALUES(19,'32');
INSERT INTO tags_restaurants VALUES(13,'33');
INSERT INTO tags_restaurants VALUES(14,'33');
INSERT INTO tags_restaurants VALUES(26,'33');
INSERT INTO tags_restaurants VALUES(21,'33');
INSERT INTO tags_restaurants VALUES(26,'34');
INSERT INTO tags_restaurants VALUES(21,'34');
INSERT INTO tags_restaurants VALUES(12,'34');
INSERT INTO tags_restaurants VALUES(14,'34');
INSERT INTO tags_restaurants VALUES(14,'35');
INSERT INTO tags_restaurants VALUES(12,'35');
INSERT INTO tags_restaurants VALUES(18,'35');
INSERT INTO tags_restaurants VALUES(18,'36');
INSERT INTO tags_restaurants VALUES(26,'36');
INSERT INTO tags_restaurants VALUES(14,'36');
INSERT INTO tags_restaurants VALUES(26,'37');
INSERT INTO tags_restaurants VALUES(14,'37');
INSERT INTO tags_restaurants VALUES(18,'37');
INSERT INTO tags_restaurants VALUES(19,'37');
INSERT INTO tags_restaurants VALUES(12,'38');
INSERT INTO tags_restaurants VALUES(26,'38');
INSERT INTO tags_restaurants VALUES(18,'38');
INSERT INTO tags_restaurants VALUES(14,'38');
INSERT INTO tags_restaurants VALUES(14,'39');
INSERT INTO tags_restaurants VALUES(18,'39');
INSERT INTO tags_restaurants VALUES(17,'39');
INSERT INTO tags_restaurants VALUES(14,'40');
INSERT INTO tags_restaurants VALUES(12,'40');
INSERT INTO tags_restaurants VALUES(21,'40');
INSERT INTO tags_restaurants VALUES(26,'40');
INSERT INTO tags_restaurants VALUES(14,'41');
INSERT INTO tags_restaurants VALUES(18,'41');
INSERT INTO tags_restaurants VALUES(12,'42');
INSERT INTO tags_restaurants VALUES(14,'42');
INSERT INTO tags_restaurants VALUES(26,'42');
INSERT INTO tags_restaurants VALUES(12,'43');
INSERT INTO tags_restaurants VALUES(21,'43');
INSERT INTO tags_restaurants VALUES(14,'43');
INSERT INTO tags_restaurants VALUES(26,'43');
INSERT INTO tags_restaurants VALUES(12,'44');
INSERT INTO tags_restaurants VALUES(14,'44');
INSERT INTO tags_restaurants VALUES(18,'44');
INSERT INTO tags_restaurants VALUES(26,'44');
INSERT INTO tags_restaurants VALUES(14,'45');
INSERT INTO tags_restaurants VALUES(12,'45');
INSERT INTO tags_restaurants VALUES(18,'45');
INSERT INTO tags_restaurants VALUES(26,'45');
INSERT INTO tags_restaurants VALUES(20,'8');
INSERT INTO tags_restaurants VALUES(20,'18');
INSERT INTO tags_restaurants VALUES(13,'42');
DELETE FROM sqlite_sequence;
INSERT INTO sqlite_sequence VALUES('allergens',14);
INSERT INTO sqlite_sequence VALUES('type_deals',4);
INSERT INTO sqlite_sequence VALUES('ingredients',110);
INSERT INTO sqlite_sequence VALUES('languages',21);
INSERT INTO sqlite_sequence VALUES('culinary_experience',29);
INSERT INTO sqlite_sequence VALUES('category_dishes',22);
INSERT INTO sqlite_sequence VALUES('dishes',504);
INSERT INTO sqlite_sequence VALUES('restaurants',45);
INSERT INTO sqlite_sequence VALUES('tags',27);
COMMIT;
